1.0,0.9,1.0,0.22,0.44,0.07,0.0,0.3,0
0.47,0.0,0.76,0.17,0.25,0.31,0.17,0.0,0
0.94,0.4,0.61,0.11,0.14,0.45,0.58,0.35,0
0.59,0.1,1.0,0.94,1.0,1.0,1.0,1.0,0
0.63,0.6,0.84,0.11,0.0,0.17,0.0,0.0,0
0.76,0.4,0.57,0.0,0.0,0.17,0.0,0.0,0
0.65,0.4,0.71,0.0,0.0,0.26,0.0,0.0,0
0.08,0.0,0.22,0.11,0.36,0.12,0.67,1.0,0
0.41,0.0,0.51,0.33,0.03,0.02,0.25,0.4,0
1.0,0.8,0.8,0.11,0.58,0.29,0.5,0.4,0
0.96,1.0,1.0,1.0,0.08,1.0,0.67,0.85,0
0.98,0.4,0.78,0.44,1.0,0.12,0.58,0.8,0
0.57,0.0,0.76,0.33,0.22,0.64,0.92,1.0,0
0.0,0.0,0.0,0.0,0.0,0.07,0.0,1.0,0
0.82,1.0,0.78,0.56,0.39,0.05,0.5,0.55,0
0.57,0.1,0.78,0.28,0.56,0.62,0.5,0.9,0
0.71,1.0,0.84,0.67,0.06,0.83,0.25,0.0,0
0.61,0.6,1.0,0.72,0.22,0.26,0.67,0.4,0
0.47,1.0,1.0,1.0,0.11,1.0,1.0,0.9,0
0.61,0.0,0.78,0.0,0.0,0.0,0.0,0.0,0
1.0,0.6,0.98,0.44,1.0,0.02,0.5,0.3,0
0.94,0.7,0.98,0.83,0.47,1.0,1.0,1.0,0
0.45,0.2,0.94,0.0,0.17,1.0,0.92,0.65,0
0.45,0.1,0.51,0.11,0.64,0.43,0.5,0.7,0
0.96,0.3,0.73,0.72,0.19,0.71,1.0,0.9,0
0.84,0.2,0.88,0.5,0.47,0.45,1.0,0.95,0
0.8,0.4,0.73,0.33,0.72,0.33,0.92,0.9,0
0.63,0.0,0.86,0.22,0.69,0.83,0.83,1.0,0
1.0,0.9,0.47,0.44,0.75,0.17,0.83,0.8,0
0.69,0.2,0.65,0.56,0.25,0.36,0.58,0.65,0
0.76,0.1,0.78,0.56,0.06,0.19,0.17,0.0,0
0.78,0.4,0.63,0.33,0.22,0.19,0.08,0.5,0
0.76,0.8,0.98,0.28,0.08,0.29,0.67,0.15,0
0.94,0.2,0.63,0.28,0.69,0.64,0.83,0.6,0
0.88,0.2,0.57,0.33,0.42,0.74,0.5,0.65,0
0.55,0.2,0.65,0.56,0.11,0.31,1.0,0.9,0
0.45,0.0,0.67,0.61,0.69,0.95,0.83,0.7,0
0.73,0.2,0.8,0.0,0.14,0.14,0.25,0.35,0
0.9,0.7,0.9,0.61,0.92,0.19,0.75,0.4,0
0.76,0.0,1.0,0.33,0.36,0.69,0.92,1.0,0
0.43,0.0,0.88,0.22,0.58,0.67,1.0,0.95,0
0.73,0.0,0.9,0.44,0.17,0.14,0.67,0.8,0
0.63,0.0,0.84,0.61,0.53,0.36,0.83,0.6,0
0.8,0.5,0.92,0.22,0.64,0.48,0.67,0.75,0
0.96,0.5,1.0,0.28,0.31,1.0,1.0,0.7,0
0.43,0.0,0.8,0.5,0.86,0.88,1.0,1.0,0
0.86,0.0,0.43,0.44,0.11,0.0,0.58,0.7,0
0.92,0.4,0.47,0.67,0.58,0.38,1.0,1.0,0
0.47,0.2,0.94,0.0,0.56,0.17,0.58,0.65,0
1.0,0.8,1.0,0.78,0.17,1.0,0.83,1.0,0
0.57,0.0,1.0,0.44,0.14,0.0,0.0,0.0,0
0.73,0.2,0.59,0.28,1.0,0.86,1.0,1.0,0
0.96,0.5,0.69,0.61,0.72,0.31,0.67,0.65,0
0.29,0.6,0.53,0.11,0.17,0.21,0.92,1.0,0
0.96,1.0,0.88,0.28,0.11,0.12,0.0,0.05,0
0.22,0.0,0.73,0.17,0.33,0.29,0.67,0.65,0
0.78,1.0,0.94,0.72,0.08,0.57,0.92,0.35,0
0.94,0.6,0.59,0.17,0.78,0.4,0.5,0.65,0
0.63,0.4,0.53,0.56,0.36,0.26,1.0,0.8,0
0.53,0.0,0.84,0.61,0.75,0.69,1.0,1.0,0
0.63,0.0,0.41,0.11,0.42,0.0,0.75,0.95,0
0.63,0.6,0.69,0.28,0.31,0.55,0.08,0.5,0
0.78,0.6,0.69,0.11,0.83,0.45,0.25,0.35,0
0.43,0.0,0.37,0.28,0.0,0.0,0.0,0.0,0
0.57,1.0,1.0,0.33,0.0,0.29,0.0,0.0,0
0.53,0.0,0.45,0.33,0.03,0.0,0.0,0.0,0
0.9,0.0,0.59,0.72,0.69,0.07,1.0,1.0,0
0.14,0.0,0.0,0.06,0.06,0.0,0.0,0.85,0
0.96,0.6,0.88,0.56,0.0,0.0,0.25,0.0,0
0.45,0.4,0.65,0.28,0.47,0.38,0.92,0.7,0
0.37,0.0,0.35,0.22,0.64,0.52,1.0,1.0,0
1.0,1.0,1.0,0.44,0.0,0.0,0.0,1.0,0
1.0,0.9,0.82,0.56,0.0,0.0,0.0,0.0,0
0.39,0.6,0.82,0.5,0.06,0.83,0.67,0.45,0
0.84,0.9,0.76,0.28,0.08,0.48,0.92,0.0,0
0.55,0.0,0.53,0.33,0.31,0.45,0.42,1.0,0
0.73,0.9,1.0,0.39,0.0,0.17,0.33,0.7,0
0.57,0.2,0.55,0.0,0.72,0.57,0.75,1.0,0
1.0,1.0,0.73,0.67,0.5,0.69,0.92,1.0,0
0.57,0.0,0.94,0.44,0.17,0.0,0.0,0.0,0
0.71,0.5,1.0,0.33,0.0,0.17,0.25,0.65,0
0.39,0.3,0.63,0.28,0.31,0.33,0.67,0.8,0
0.76,0.0,0.61,0.56,1.0,0.14,1.0,1.0,0
0.9,0.5,0.96,0.56,0.47,0.71,1.0,1.0,0
0.0,0.0,0.53,0.06,0.0,0.21,0.5,0.4,0
0.49,0.5,0.59,0.11,0.11,0.19,0.0,0.1,0
0.67,0.0,0.53,0.11,0.28,0.31,0.75,0.45,0
0.61,0.0,0.71,0.61,0.17,0.0,0.0,0.0,0
0.71,0.0,0.47,0.56,0.03,0.0,0.0,0.0,0
0.65,0.0,0.86,0.67,0.53,0.67,1.0,1.0,0
0.69,0.2,0.71,0.5,0.56,0.48,1.0,1.0,0
1.0,0.6,0.94,0.0,0.5,0.4,0.75,1.0,0
0.86,0.7,0.94,0.78,0.5,0.86,1.0,1.0,0
0.45,0.2,0.67,0.17,1.0,0.57,1.0,1.0,0
0.24,0.2,1.0,0.44,0.06,1.0,1.0,1.0,0
0.45,0.2,0.84,0.17,0.11,1.0,0.58,0.9,0
0.92,0.8,1.0,1.0,0.42,0.62,1.0,0.75,0
0.78,0.5,0.71,0.22,0.28,0.29,0.33,0.4,0
0.59,0.3,0.69,0.56,0.69,0.14,0.0,1.0,0
0.53,0.0,0.41,0.28,0.06,0.02,0.0,0.45,0
0.9,0.5,0.9,1.0,0.78,1.0,1.0,1.0,0
0.51,0.0,0.61,0.61,0.36,0.26,0.0,0.5,0
0.59,0.3,0.53,0.33,0.17,0.83,0.0,0.3,0
0.82,0.0,0.98,0.11,0.47,0.98,1.0,1.0,0
0.08,0.2,0.0,0.0,0.03,0.0,0.0,1.0,0
0.0,0.0,0.0,0.0,0.28,0.38,1.0,1.0,0
0.9,0.2,0.0,0.0,0.5,0.0,0.0,0.1,0
0.92,0.0,0.43,0.5,1.0,0.4,0.75,1.0,0
0.78,0.0,1.0,0.28,0.22,0.05,0.0,0.35,0
1.0,1.0,0.98,0.33,0.31,0.17,0.0,1.0,0
0.39,0.0,0.67,0.5,0.58,0.0,0.17,0.4,0
0.49,0.0,0.61,0.67,0.47,0.71,0.83,1.0,0
0.94,0.9,0.88,0.22,0.44,0.17,0.83,0.95,0
0.98,0.4,1.0,0.56,0.78,1.0,1.0,1.0,0
0.55,0.5,0.98,0.67,0.72,1.0,1.0,1.0,0
0.76,0.0,0.71,0.39,0.36,0.19,0.58,1.0,0
0.88,0.3,0.55,0.17,0.72,0.21,0.92,0.7,0
0.88,1.0,1.0,0.61,0.58,0.45,0.92,0.45,0
0.84,0.8,0.92,0.72,0.5,0.14,0.83,0.7,0
0.82,0.6,0.73,0.67,0.31,0.5,0.67,1.0,0
0.84,0.3,0.65,0.06,0.69,0.21,0.92,0.8,0
0.98,1.0,0.9,0.72,0.64,0.14,0.83,0.8,0
0.55,0.4,0.94,0.22,0.22,0.69,0.75,1.0,0
0.59,0.8,0.94,0.33,0.08,0.71,0.67,0.85,0
1.0,0.8,0.84,0.61,0.31,0.62,0.75,0.5,0
0.92,0.0,0.8,0.11,0.78,0.52,1.0,1.0,0
0.69,0.5,0.96,0.0,0.0,0.48,0.17,0.95,0
0.57,0.8,1.0,0.67,0.42,1.0,1.0,1.0,0
0.96,0.2,0.9,0.0,0.53,0.4,0.5,0.45,0
0.67,0.0,0.22,0.22,0.58,0.02,0.67,0.45,0
0.55,0.0,0.24,0.0,0.69,0.0,0.58,0.5,0
0.57,1.0,1.0,0.89,0.14,1.0,1.0,0.8,0
0.43,0.2,0.41,0.0,0.31,0.57,0.5,0.1,0
0.88,1.0,0.96,0.72,0.44,0.86,1.0,0.65,0
0.96,0.6,0.71,0.5,0.53,0.24,0.42,0.9,0
0.31,0.0,0.2,0.0,0.08,0.05,0.0,0.65,0
0.43,0.2,1.0,0.0,0.39,1.0,0.5,0.8,0
0.14,0.4,0.29,0.0,0.39,0.19,0.75,1.0,0
0.71,0.0,0.71,1.0,1.0,0.81,1.0,1.0,0
1.0,1.0,0.92,0.67,0.5,0.36,1.0,1.0,0
0.98,0.2,1.0,1.0,0.72,0.81,1.0,1.0,0
0.84,0.8,0.57,0.22,0.31,0.02,0.92,0.45,0
0.67,0.4,0.92,0.44,0.17,0.88,0.5,1.0,0
0.8,0.7,0.67,0.22,0.44,0.02,0.92,0.45,0
0.47,0.0,0.69,0.28,0.44,0.81,1.0,1.0,0
0.76,0.9,0.88,0.39,0.39,0.07,0.83,1.0,0
0.76,0.8,0.49,0.17,0.61,0.07,0.17,1.0,0
0.86,0.2,0.67,0.28,0.28,0.29,1.0,1.0,0
0.8,0.4,0.59,0.17,0.58,0.33,0.83,1.0,0
0.98,0.4,0.98,0.11,0.92,0.17,0.75,0.75,0
0.71,0.0,0.55,0.11,0.22,0.26,0.0,0.75,0
0.49,0.0,0.94,0.56,0.33,0.33,0.17,0.95,0
1.0,0.3,0.86,0.17,0.5,0.76,0.92,1.0,0
1.0,1.0,0.9,1.0,1.0,0.31,1.0,1.0,0
0.61,0.0,0.73,0.11,0.64,0.6,1.0,1.0,0
0.84,0.0,0.57,0.11,0.19,0.24,0.0,0.65,0
0.47,0.0,0.82,0.44,0.31,0.19,0.0,0.85,0
0.43,0.2,0.61,0.78,0.17,0.21,0.75,0.4,0
0.73,0.0,0.24,0.44,0.83,0.57,1.0,1.0,0
0.24,0.0,0.0,0.17,0.14,0.21,1.0,0.95,0
0.8,0.0,0.0,0.17,0.44,0.02,1.0,1.0,0
0.84,0.4,0.82,0.39,0.17,0.07,0.5,0.45,0
1.0,1.0,0.57,1.0,1.0,0.21,1.0,1.0,0
0.53,0.2,0.33,0.06,0.25,0.02,0.17,0.1,0
0.53,0.0,0.41,0.28,0.25,0.5,0.25,0.4,0
0.18,0.0,0.22,0.0,0.39,0.14,0.75,0.7,0
0.43,0.1,0.51,0.11,0.42,0.17,0.42,0.35,0
0.33,0.0,0.71,0.17,0.25,0.4,0.5,0.45,0
0.86,0.1,0.86,0.0,0.08,0.14,0.0,0.0,0
1.0,0.6,0.0,0.17,1.0,0.02,1.0,1.0,0
0.55,0.4,1.0,0.5,0.36,0.57,0.67,0.8,0
0.8,0.0,0.51,0.89,1.0,1.0,1.0,1.0,0
0.67,0.4,1.0,0.39,0.5,0.95,0.67,0.75,0
1.0,0.9,0.9,0.83,0.39,0.33,0.92,0.95,0
0.29,0.2,0.35,0.0,0.14,0.07,0.0,0.2,0
0.37,0.2,0.37,0.0,0.08,0.17,0.0,0.1,0
0.43,0.2,0.65,0.0,0.08,0.02,0.0,0.25,0
0.96,0.0,0.45,0.83,0.78,0.36,0.75,1.0,0
1.0,1.0,0.86,0.83,0.64,0.64,0.67,0.5,0
1.0,0.3,0.92,0.0,1.0,0.98,0.17,0.8,0
0.78,0.0,0.98,0.11,0.78,1.0,0.33,0.75,0
0.43,0.6,0.0,0.72,0.03,0.0,0.67,0.25,0
0.41,0.7,0.59,0.56,0.56,1.0,0.5,0.6,0
0.41,0.0,0.18,0.5,0.31,0.0,0.92,1.0,0
0.24,0.0,0.88,0.0,0.08,1.0,0.33,0.45,0
0.29,0.0,0.98,0.0,0.03,1.0,0.33,0.5,0
0.55,0.0,0.53,0.0,0.58,0.4,0.0,0.2,0
0.57,0.0,0.69,0.0,0.94,1.0,0.25,0.8,0
0.0,0.0,0.53,0.0,0.0,0.17,0.0,0.0,0
0.1,0.0,0.69,0.0,0.78,1.0,0.5,0.5,0
1.0,0.6,0.24,0.89,1.0,0.36,1.0,1.0,0
0.04,0.0,0.51,0.0,0.53,1.0,0.42,0.5,0
0.39,0.9,0.9,0.39,0.0,0.0,0.0,0.0,0
0.78,0.0,0.2,0.0,0.89,0.4,0.0,0.0,0
1.0,0.6,0.88,0.94,1.0,0.52,1.0,1.0,0
0.0,0.0,0.53,0.33,0.0,0.83,0.5,0.9,0
0.84,0.6,0.63,0.0,0.83,0.93,0.0,0.65,0
0.84,0.0,0.16,0.11,0.89,0.64,0.0,0.3,0
0.49,0.4,0.35,0.39,0.61,0.17,0.92,0.6,0
0.47,0.5,0.69,0.22,0.47,0.74,0.0,0.55,0
0.41,0.1,0.88,0.0,0.06,1.0,0.08,0.65,0
0.0,0.0,0.76,0.06,0.0,1.0,0.17,0.45,0
0.98,1.0,0.43,0.61,1.0,0.0,0.42,0.4,0
0.0,0.0,0.67,0.11,0.0,1.0,0.17,0.3,0
0.94,0.3,0.0,0.06,1.0,0.0,0.0,0.3,0
0.18,0.4,0.65,0.0,0.0,0.64,0.0,0.0,0
1.0,0.3,0.57,0.39,1.0,1.0,0.42,0.75,0
0.0,0.0,0.0,0.0,0.06,0.0,0.42,0.6,0
0.0,0.0,0.61,0.0,0.0,1.0,0.0,0.2,0
0.86,0.0,0.69,0.0,1.0,1.0,0.08,0.4,0
1.0,0.8,0.82,0.94,1.0,0.69,1.0,0.4,0
0.0,0.0,1.0,0.0,0.0,0.95,0.67,0.75,0
0.2,0.5,0.86,0.83,0.03,0.69,0.42,0.8,0
0.0,0.0,0.88,0.0,0.0,1.0,0.0,0.2,0
0.1,0.0,0.06,1.0,0.17,0.07,0.67,0.5,0
0.0,0.0,0.76,0.0,0.0,0.88,0.0,0.1,0
0.8,0.2,0.37,0.33,0.86,0.67,1.0,0.5,0
0.43,0.0,0.39,0.5,0.56,0.43,0.42,0.15,0
0.45,0.0,0.41,0.56,0.47,0.38,0.25,0.1,0
0.35,0.0,0.39,0.56,0.39,0.31,0.5,0.2,0
0.0,0.0,1.0,0.0,0.0,0.95,0.0,0.15,0
0.98,0.5,0.82,0.22,0.67,0.81,0.83,0.25,0
0.63,0.4,0.55,0.61,0.47,0.55,0.42,0.75,0
0.59,0.0,0.27,0.06,0.61,0.26,0.83,0.4,0
0.43,0.0,0.61,0.0,0.53,0.29,0.0,0.2,0
0.53,0.0,0.24,0.33,0.47,0.24,0.33,0.1,0
1.0,0.6,0.67,0.11,1.0,0.1,0.17,0.4,0
0.55,0.2,0.55,0.5,0.42,0.67,0.5,0.0,0
0.0,0.0,0.45,0.0,0.0,0.43,0.0,0.0,0
0.0,0.0,0.71,0.0,0.0,0.69,0.0,0.0,0
0.71,0.0,0.63,1.0,1.0,0.79,1.0,1.0,0
1.0,0.6,0.0,0.28,1.0,0.0,0.33,0.4,0
0.84,0.0,0.53,0.61,0.56,0.86,0.17,0.65,0
0.8,0.4,0.0,0.0,1.0,0.0,0.08,0.4,0
0.27,0.1,0.71,0.56,0.97,0.93,0.17,0.45,0
0.92,1.0,0.96,1.0,0.25,0.62,1.0,0.8,0
1.0,1.0,1.0,0.89,0.86,0.62,0.08,0.0,0
0.37,0.2,0.53,0.28,0.22,0.57,0.17,0.75,0
0.43,0.0,0.51,0.11,0.03,0.93,0.25,0.15,0
0.98,1.0,0.98,0.78,0.92,0.6,0.75,0.6,0
0.0,0.0,0.0,0.0,0.0,0.0,0.17,0.4,0
0.0,0.0,0.0,0.0,0.06,0.0,0.0,0.35,0
1.0,0.6,0.55,0.61,0.53,0.21,0.5,0.95,0
0.43,0.2,0.67,0.11,0.28,1.0,0.0,0.65,0
0.08,0.2,0.84,0.0,0.0,0.74,0.0,0.1,0
0.9,0.4,0.39,0.0,0.75,0.17,0.0,0.35,0
1.0,0.9,0.96,0.5,0.86,0.5,0.0,0.45,0
0.0,0.0,0.0,0.0,0.0,0.0,0.0,0.75,0
0.24,0.0,0.31,0.39,0.22,0.4,0.83,0.5,0
0.33,0.0,0.27,0.5,0.31,0.38,0.83,0.55,0
0.41,0.0,0.27,0.39,0.5,0.26,0.5,0.8,0
0.02,0.0,0.02,0.0,0.06,0.0,0.0,0.65,0
0.0,0.0,0.04,0.0,0.06,0.0,0.0,0.75,0
0.0,0.0,0.0,0.0,0.0,0.0,0.08,0.2,0
0.0,0.0,0.0,0.0,0.03,0.0,0.0,0.3,0
1.0,1.0,0.78,1.0,1.0,0.6,1.0,0.95,0
0.98,1.0,1.0,1.0,1.0,0.95,0.92,0.0,0
0.33,0.8,0.24,0.39,0.22,0.05,0.58,0.5,0
1.0,0.6,0.0,0.33,0.81,0.0,0.0,0.2,0
0.22,0.0,0.22,0.44,0.0,0.0,0.08,0.0,0
0.71,0.0,0.76,0.33,0.39,1.0,0.58,0.55,0
0.41,0.6,0.06,0.67,0.33,0.02,1.0,0.85,0
0.78,0.4,0.31,0.39,0.22,0.19,0.42,0.6,0
0.18,0.2,0.29,0.5,0.19,0.02,0.5,0.5,0
0.47,0.0,0.65,0.33,0.19,0.83,0.0,0.05,0
0.55,0.4,0.67,0.17,0.42,0.74,0.0,0.15,0
0.47,0.3,0.88,0.0,0.28,0.81,0.0,0.2,0
0.63,0.0,0.47,0.56,0.0,0.21,1.0,0.95,0
0.69,0.5,0.47,0.39,0.33,0.86,0.0,0.2,0
0.45,0.0,0.63,0.56,0.28,0.81,0.0,0.0,0
0.67,0.4,0.76,0.28,0.0,0.76,0.17,0.2,0
0.55,0.5,0.2,0.0,0.31,0.17,0.5,0.35,0
0.41,0.2,0.82,0.61,0.0,0.6,0.58,0.3,0
0.55,0.0,0.2,0.17,0.78,0.17,0.17,0.25,0
0.63,1.0,0.98,0.78,0.47,1.0,1.0,0.4,0
0.71,0.8,0.94,0.89,0.69,0.62,0.5,0.8,0
0.78,0.7,0.29,0.39,0.33,0.12,0.25,0.25,0
0.71,0.2,0.55,0.5,0.17,1.0,0.5,0.2,0
0.71,0.1,0.82,0.44,0.42,0.9,0.33,0.2,0
0.24,0.0,0.88,0.44,0.33,1.0,0.83,0.65,0
0.55,0.5,0.49,0.22,0.0,0.76,0.42,0.6,0
0.1,0.0,0.27,0.39,0.11,0.38,0.42,0.75,0
0.41,0.0,0.53,0.28,0.0,0.69,0.25,0.7,0
0.22,0.0,0.41,0.28,0.31,0.31,0.83,0.85,0
0.96,0.2,0.86,0.44,0.56,0.26,1.0,0.0,0
1.0,0.6,0.86,0.83,0.56,0.0,0.0,0.0,0
0.63,0.5,0.78,0.39,0.19,0.95,0.67,0.15,0
0.9,0.7,0.63,0.28,0.31,0.33,0.92,1.0,0
0.0,0.0,0.2,0.0,0.0,0.14,0.0,0.45,0
0.51,0.0,0.96,0.89,0.0,1.0,1.0,0.95,0
0.65,0.2,0.71,0.0,0.58,1.0,0.92,1.0,0
0.47,0.0,0.82,0.17,0.56,0.31,0.42,0.3,0
0.71,0.2,0.47,0.11,0.61,0.38,0.5,0.15,0
0.02,0.0,0.29,0.56,0.0,0.67,0.0,0.0,0
1.0,1.0,1.0,1.0,0.78,1.0,0.92,0.15,0
1.0,1.0,1.0,1.0,0.64,1.0,1.0,0.1,0
1.0,1.0,1.0,0.94,0.42,0.81,0.17,0.55,0
1.0,1.0,1.0,0.83,0.58,1.0,0.0,0.3,0
1.0,0.2,0.76,0.0,0.42,0.1,0.0,0.0,0
0.65,0.0,0.47,0.0,0.0,0.79,0.33,0.65,0
0.69,0.5,0.82,0.56,0.67,1.0,0.42,0.5,0
0.18,0.2,0.86,0.22,0.0,0.55,0.0,0.2,0
0.61,0.0,0.0,0.17,0.31,0.0,0.0,0.9,0
0.12,0.0,0.88,0.28,0.0,0.81,0.0,0.0,0
0.61,0.1,0.31,0.5,0.42,0.4,0.5,0.7,0
0.47,0.0,0.41,0.67,0.36,0.57,0.33,0.55,0
0.96,1.0,0.8,0.56,0.53,0.33,0.42,0.15,0
0.49,0.0,0.35,0.0,0.0,0.71,0.17,0.55,0
0.92,0.1,0.82,0.11,0.92,0.5,0.42,0.15,0
0.92,0.2,0.57,0.5,0.61,0.88,0.08,0.3,0
0.9,0.6,0.9,0.5,0.47,0.81,0.08,0.8,0
0.49,0.2,0.78,0.17,0.0,0.24,0.0,0.0,0
0.55,1.0,1.0,0.39,0.5,0.43,0.75,0.95,0
0.67,0.2,0.16,0.22,0.75,0.07,0.08,0.5,0
0.24,0.0,0.59,0.11,0.33,0.79,0.5,0.4,0
0.82,0.8,0.55,0.33,0.44,0.55,0.33,0.3,0
0.59,0.6,0.65,0.61,0.56,0.83,0.92,0.65,0
0.59,0.0,0.0,0.0,0.81,0.0,0.0,0.2,0
1.0,1.0,1.0,1.0,0.86,0.6,0.42,0.0,0
1.0,1.0,1.0,1.0,1.0,1.0,1.0,0.0,0
1.0,1.0,1.0,1.0,0.69,0.67,0.0,0.0,0
0.61,0.0,0.67,0.72,0.83,0.81,0.75,0.9,0
0.53,0.0,0.22,0.5,0.64,0.71,0.92,0.45,0
0.0,0.0,0.65,0.0,0.0,0.55,0.0,0.0,0
0.57,0.1,0.67,0.44,0.11,0.17,0.5,0.45,0
0.37,0.0,0.29,0.61,0.97,0.81,0.42,0.6,0
0.2,0.0,0.35,0.39,0.94,0.86,0.42,0.55,0
0.82,0.3,0.71,0.5,0.17,0.36,0.0,0.25,0
0.1,0.0,0.43,0.22,0.17,0.93,0.58,0.85,0
0.24,0.0,0.55,0.28,0.42,0.57,0.67,0.7,0
0.35,0.0,0.37,0.06,0.86,0.1,0.25,0.45,0
0.22,0.0,0.76,0.78,0.72,0.81,0.75,0.4,0
0.86,0.3,0.37,0.89,0.89,0.17,0.67,0.65,0
0.43,0.0,0.27,0.33,0.42,0.29,0.0,0.35,0
1.0,1.0,1.0,0.89,0.11,0.62,0.25,0.2,0
1.0,1.0,1.0,0.78,0.47,0.31,0.5,0.0,0
1.0,1.0,1.0,0.89,0.0,0.69,0.5,0.0,0
0.76,0.0,0.55,0.39,0.53,0.38,1.0,1.0,0
0.84,0.8,0.9,0.39,0.75,0.21,0.33,0.85,0
0.73,0.4,0.39,0.22,0.67,0.02,0.42,0.2,0
0.24,0.0,0.71,0.39,0.0,0.79,0.25,0.15,0
0.71,0.8,0.57,0.78,0.64,0.62,0.83,0.4,0
1.0,0.4,0.0,0.0,1.0,0.0,0.08,0.2,0
0.61,0.4,0.8,0.61,0.56,0.62,0.83,0.45,0
0.33,0.0,0.02,0.0,0.53,0.33,0.0,0.1,0
1.0,1.0,1.0,1.0,0.39,0.55,0.92,0.65,0
0.57,0.3,0.73,0.94,0.42,0.6,0.83,0.05,0
0.02,0.1,0.0,0.0,0.19,0.17,0.25,0.0,0
0.0,0.0,0.0,0.0,0.03,0.0,0.17,0.35,0
0.49,1.0,0.53,0.61,0.5,0.45,0.0,0.0,0
0.0,0.0,0.0,0.44,0.11,0.74,0.92,0.0,0
0.08,1.0,0.55,0.5,0.33,0.26,0.0,0.0,0
0.51,0.9,0.43,0.44,0.33,0.43,0.92,0.0,0
0.0,0.0,0.0,0.33,0.33,0.33,1.0,0.6,0
0.37,0.2,0.41,0.11,0.67,0.69,1.0,1.0,0
0.31,0.2,0.24,0.17,0.94,0.1,0.33,0.4,0
0.67,0.1,0.47,0.06,0.78,0.57,0.25,0.6,0
0.84,0.6,0.55,0.22,0.75,0.12,0.17,0.05,0
0.69,0.3,0.51,0.39,0.28,0.02,0.0,0.2,0
0.88,0.4,0.57,0.44,0.92,0.71,0.5,0.85,0
0.65,0.6,0.59,1.0,0.83,0.64,0.83,0.75,0
0.94,1.0,0.02,0.39,0.64,0.0,0.0,0.1,0
0.61,0.7,0.63,0.5,0.28,0.79,0.5,0.25,0
0.65,1.0,0.04,1.0,0.33,0.0,0.67,0.4,0
0.22,0.5,0.82,0.72,0.0,0.31,0.67,0.5,0
0.59,1.0,0.06,0.78,0.17,0.07,0.0,0.9,0
0.43,0.8,0.8,0.11,0.0,0.0,0.0,0.15,0
0.53,1.0,0.98,0.39,0.0,0.12,0.0,0.05,0
0.35,0.0,0.16,0.22,0.47,0.29,0.83,0.25,0
0.35,0.3,0.31,0.56,0.39,0.29,0.17,0.25,0
0.39,0.4,0.35,0.39,0.39,0.33,0.42,0.55,0
0.51,0.8,0.33,0.39,0.31,0.24,0.42,0.9,0
0.14,0.4,0.0,0.33,0.0,0.0,0.33,0.4,0
0.0,0.0,0.0,0.0,0.31,0.55,0.17,0.85,0
0.0,0.0,0.0,0.22,0.0,0.52,0.83,0.8,0
0.0,0.0,0.0,0.33,0.5,0.31,0.42,0.15,0
0.0,0.0,0.49,0.17,0.44,0.5,0.92,1.0,0
0.0,0.0,0.24,0.33,0.92,0.86,0.92,1.0,0
0.53,0.5,0.47,0.61,0.86,0.74,0.92,0.4,0
1.0,1.0,1.0,0.94,0.44,0.86,1.0,0.7,0
0.0,0.0,0.0,0.11,0.5,0.48,0.0,1.0,0
0.08,0.4,0.94,0.67,0.0,0.64,0.25,0.1,0
0.98,1.0,0.94,0.56,0.47,0.4,0.58,0.5,0
0.76,1.0,0.02,1.0,0.19,0.48,0.25,0.25,0
0.37,0.0,0.67,0.17,0.75,0.67,0.75,1.0,0
0.14,1.0,0.69,0.56,0.89,0.67,0.25,0.95,0
1.0,0.6,0.69,1.0,0.92,0.12,1.0,1.0,0
0.88,1.0,0.88,0.22,0.56,0.26,0.08,1.0,0
0.51,1.0,1.0,0.83,0.0,0.95,0.0,0.3,0
1.0,1.0,1.0,1.0,0.56,1.0,0.92,0.2,0
0.1,1.0,0.61,0.56,0.22,0.6,1.0,0.4,0
0.57,0.8,0.22,1.0,0.5,0.83,0.92,0.8,0
0.31,0.9,0.84,0.22,0.97,1.0,1.0,0.7,0
0.41,0.2,0.47,0.72,0.47,1.0,1.0,0.2,0
0.86,0.0,0.73,0.56,1.0,0.95,1.0,0.5,0
0.84,0.9,0.45,1.0,1.0,0.9,1.0,0.95,0
0.76,0.0,0.2,0.72,1.0,0.9,0.67,0.25,0
0.29,0.3,0.82,0.56,0.94,1.0,1.0,1.0,0
0.27,1.0,1.0,0.56,0.28,0.9,1.0,0.9,0
0.63,0.0,0.65,0.89,1.0,1.0,1.0,1.0,0
0.59,0.0,0.9,0.94,1.0,0.95,0.83,1.0,0
0.02,0.0,0.0,0.0,0.03,0.14,0.17,0.65,0
0.0,0.0,0.0,0.06,0.03,0.0,0.17,0.5,0
0.96,1.0,1.0,1.0,0.67,1.0,1.0,0.9,0
0.0,0.2,1.0,0.78,0.0,1.0,0.67,0.55,0
0.0,0.0,1.0,0.11,0.0,1.0,0.83,0.65,0
0.71,0.8,0.0,1.0,0.92,0.0,1.0,0.75,0
0.37,0.0,0.0,0.17,0.81,0.33,0.83,0.75,0
0.02,0.0,0.0,0.06,1.0,0.67,1.0,1.0,0
0.0,0.0,0.04,0.06,0.42,0.79,1.0,1.0,0
0.0,0.0,0.02,0.39,0.42,0.86,1.0,1.0,0
0.0,0.0,0.0,0.22,0.72,0.5,0.92,1.0,0
0.0,0.0,0.12,0.11,0.47,0.86,1.0,1.0,0
0.0,0.0,0.0,0.0,0.0,0.0,0.0,0.0,0
0.0,0.0,0.18,0.0,0.0,0.86,0.17,0.45,0
0.12,0.1,0.27,0.56,0.42,1.0,1.0,1.0,0
0.16,0.2,0.0,0.67,1.0,0.07,1.0,1.0,0
0.12,0.0,0.0,0.0,0.56,0.0,0.0,0.2,0
1.0,1.0,1.0,1.0,1.0,1.0,1.0,1.0,0
0.0,0.4,1.0,0.89,0.0,1.0,0.67,0.55,0
0.96,1.0,0.0,1.0,1.0,0.0,0.83,0.7,0
0.88,0.4,0.0,0.39,1.0,0.43,1.0,1.0,0
0.0,0.0,0.59,0.0,0.64,0.1,0.92,1.0,0
0.1,0.6,1.0,0.39,0.08,0.4,0.0,1.0,0
0.78,1.0,1.0,0.83,0.0,0.9,0.0,0.1,0
1.0,1.0,1.0,1.0,0.58,1.0,0.92,0.15,0
1.0,1.0,1.0,1.0,0.94,1.0,1.0,0.95,0
0.06,0.0,0.51,0.0,0.11,0.57,0.5,0.65,0
0.49,0.2,0.92,0.0,0.53,0.86,0.17,0.6,0
0.51,0.6,0.08,0.94,0.33,0.93,1.0,1.0,0
0.31,0.0,0.92,0.33,1.0,1.0,1.0,0.85,0
0.18,1.0,0.9,1.0,0.78,1.0,1.0,0.95,0
0.78,0.9,0.45,1.0,1.0,1.0,1.0,1.0,0
0.47,0.0,0.27,0.67,1.0,0.36,0.92,0.05,0
0.71,1.0,0.88,1.0,1.0,0.86,1.0,0.95,0
1.0,1.0,0.57,1.0,1.0,0.93,1.0,0.5,0
0.8,0.0,0.33,0.83,1.0,0.83,1.0,0.0,0
0.49,0.0,0.37,0.78,1.0,1.0,1.0,1.0,0
0.24,0.7,0.88,0.44,0.97,0.93,1.0,1.0,0
0.29,1.0,1.0,0.44,0.11,0.95,0.83,1.0,0
0.76,1.0,0.92,0.94,0.14,0.98,1.0,0.55,0
0.55,0.0,0.45,0.78,1.0,1.0,1.0,1.0,0
0.43,0.0,0.53,0.83,1.0,0.95,1.0,1.0,0
0.55,0.0,0.9,0.78,1.0,0.93,0.92,0.75,0
0.59,1.0,1.0,0.94,0.89,0.74,0.75,0.85,0
1.0,1.0,1.0,0.89,0.81,0.71,0.67,0.65,0
1.0,1.0,1.0,1.0,0.75,1.0,0.58,0.6,0
1.0,1.0,1.0,1.0,0.97,1.0,1.0,1.0,0
0.0,0.3,0.98,0.44,0.0,1.0,0.5,0.6,0
0.0,0.0,0.76,0.0,0.0,0.88,0.0,0.3,0
0.0,0.0,0.86,0.0,0.0,1.0,0.42,0.6,0
1.0,1.0,0.12,1.0,1.0,0.31,1.0,1.0,0
0.57,0.0,0.0,0.0,0.86,0.0,0.0,0.15,0
0.12,0.0,0.06,0.39,0.81,0.55,1.0,1.0,0
0.06,0.0,0.02,0.0,0.86,0.55,0.75,1.0,0
0.0,0.0,0.0,0.0,0.06,0.12,0.42,1.0,0
0.0,0.0,0.22,0.0,0.0,0.62,0.17,1.0,0
0.0,0.3,0.02,0.17,0.11,0.38,1.0,1.0,0
0.2,0.0,0.0,0.06,0.5,0.1,0.83,1.0,0
0.0,0.0,0.02,0.06,0.08,0.21,0.58,0.9,0
0.0,0.0,0.53,0.11,0.33,0.83,0.58,1.0,0
0.71,0.0,0.0,0.0,0.97,0.0,0.25,0.45,0
1.0,1.0,0.9,1.0,1.0,0.95,1.0,1.0,0
0.0,0.0,0.29,0.06,0.0,0.48,0.08,0.2,0
0.35,0.0,0.31,0.61,0.42,0.38,0.75,1.0,0
0.33,0.4,0.2,0.33,0.44,0.52,0.58,1.0,0
0.27,0.0,0.0,0.0,0.44,0.0,0.42,0.4,0
0.88,1.0,1.0,1.0,0.67,1.0,1.0,1.0,0
0.0,0.4,1.0,0.83,0.03,1.0,0.42,0.3,0
0.0,0.0,0.96,0.06,0.03,0.98,0.67,0.2,0
0.0,0.0,1.0,0.78,0.0,1.0,0.92,0.65,0
0.9,1.0,0.18,1.0,1.0,0.21,1.0,0.95,0
0.61,0.0,0.0,0.0,0.75,0.0,0.0,0.05,0
0.0,0.0,0.71,0.0,0.0,0.83,0.33,0.55,0
0.63,1.0,0.63,1.0,0.89,1.0,1.0,1.0,0
0.69,0.3,0.55,0.89,1.0,0.98,1.0,1.0,0
0.67,0.2,0.0,0.39,1.0,0.0,1.0,0.95,0
0.67,1.0,1.0,1.0,1.0,1.0,1.0,1.0,0
1.0,1.0,1.0,1.0,1.0,1.0,1.0,1.0,0
1.0,1.0,1.0,1.0,1.0,1.0,1.0,1.0,0
0.06,1.0,1.0,1.0,0.0,1.0,0.75,0.65,0
1.0,1.0,0.2,1.0,0.97,0.24,1.0,1.0,0
0.63,0.0,0.0,0.0,0.78,0.0,0.0,0.1,0
0.2,0.7,0.57,0.39,0.14,0.21,0.83,0.5,0
0.63,0.5,0.76,0.44,0.22,0.67,0.08,0.2,0
0.69,0.7,0.98,0.94,0.28,0.76,0.75,0.65,0
0.06,0.0,0.94,0.11,0.06,0.88,0.25,0.45,0
0.27,0.5,1.0,0.67,0.31,0.98,0.58,0.65,0
0.53,0.4,0.14,0.67,0.33,0.5,0.75,0.7,0
0.24,0.0,0.14,0.44,0.58,0.14,0.33,0.65,0
0.0,0.0,0.67,0.17,0.08,1.0,0.0,0.6,0
1.0,1.0,1.0,1.0,1.0,1.0,1.0,1.0,0
1.0,1.0,1.0,1.0,1.0,1.0,1.0,0.65,0
0.0,0.2,0.9,0.83,0.11,1.0,0.83,0.8,0
0.88,1.0,1.0,1.0,1.0,1.0,1.0,1.0,0
1.0,1.0,1.0,1.0,1.0,1.0,1.0,1.0,0
1.0,1.0,0.12,1.0,1.0,0.45,1.0,1.0,0
1.0,1.0,1.0,0.83,1.0,0.19,0.17,0.3,0
1.0,1.0,1.0,0.78,0.31,1.0,0.17,0.4,0
1.0,1.0,1.0,1.0,0.67,1.0,1.0,0.95,0
1.0,1.0,1.0,1.0,1.0,1.0,1.0,0.15,0
1.0,1.0,1.0,1.0,1.0,1.0,1.0,0.65,0
1.0,1.0,1.0,1.0,1.0,1.0,1.0,1.0,0
0.0,0.0,0.0,0.0,0.0,0.0,0.0,0.05,0
0.98,1.0,1.0,0.89,0.97,0.81,0.67,0.1,0
0.63,1.0,1.0,1.0,0.11,0.9,1.0,0.1,0
0.41,0.4,0.98,0.44,0.06,0.93,0.0,0.0,0
0.78,0.8,1.0,1.0,0.44,1.0,0.67,0.45,0
0.55,0.3,0.41,0.44,0.36,0.5,0.17,0.1,0
0.06,0.1,0.12,0.33,0.0,0.88,0.58,0.65,0
0.1,0.0,0.65,0.0,0.36,0.83,0.75,0.9,0
1.0,1.0,0.94,0.67,0.19,0.31,0.0,0.0,0
0.98,1.0,0.98,0.44,0.14,0.86,0.25,0.5,0
0.84,1.0,1.0,1.0,0.28,1.0,1.0,1.0,0
1.0,1.0,1.0,1.0,1.0,0.57,1.0,1.0,0
1.0,1.0,1.0,0.72,0.72,1.0,1.0,1.0,0
1.0,1.0,0.59,1.0,0.92,0.43,1.0,1.0,0
1.0,0.5,0.0,0.0,1.0,0.0,0.0,0.15,0
0.04,0.2,1.0,0.39,0.0,1.0,0.17,0.1,0
0.61,1.0,0.78,1.0,0.47,0.86,1.0,0.95,0
0.92,1.0,0.86,0.61,1.0,0.48,1.0,1.0,0
0.73,1.0,1.0,0.72,0.58,0.98,1.0,1.0,0
1.0,1.0,1.0,1.0,1.0,0.74,0.75,0.9,0
1.0,1.0,1.0,1.0,0.83,0.93,0.0,0.1,0
1.0,1.0,1.0,1.0,0.72,1.0,1.0,0.0,0
1.0,1.0,1.0,1.0,1.0,1.0,1.0,0.0,0
1.0,1.0,1.0,1.0,1.0,1.0,1.0,0.6,0
1.0,1.0,1.0,1.0,1.0,1.0,1.0,0.25,0
1.0,1.0,1.0,1.0,1.0,1.0,1.0,1.0,0
0.0,0.0,0.0,0.0,0.0,0.0,0.0,0.9,0
0.0,0.0,0.0,0.0,0.0,0.0,0.0,1.0,0
0.0,0.0,0.33,0.0,0.31,0.55,1.0,1.0,0
0.02,0.0,0.94,0.56,0.33,1.0,0.92,0.6,0
0.59,1.0,1.0,1.0,0.67,1.0,1.0,0.9,0
1.0,1.0,0.76,1.0,1.0,1.0,1.0,0.55,0
0.88,0.3,1.0,1.0,1.0,1.0,1.0,0.9,0
0.98,1.0,0.37,1.0,1.0,0.21,1.0,0.8,0
0.86,0.0,0.02,0.0,0.78,0.0,0.0,0.05,0
0.06,1.0,1.0,0.11,0.0,1.0,0.0,0.2,0
0.29,1.0,1.0,1.0,0.22,1.0,0.0,0.35,0
0.31,0.0,0.0,0.39,0.64,0.52,0.92,1.0,0
0.0,0.0,0.0,0.0,0.78,0.0,0.42,1.0,0
0.96,1.0,0.39,0.83,0.94,0.93,1.0,1.0,0
0.59,1.0,0.53,0.39,1.0,0.71,1.0,1.0,0
0.39,1.0,0.76,0.56,0.75,0.83,0.58,0.5,0
0.65,1.0,0.92,0.67,0.78,0.95,1.0,0.8,0
0.8,1.0,0.63,1.0,0.86,0.83,1.0,1.0,0
0.78,1.0,1.0,0.56,0.92,1.0,1.0,1.0,0
0.84,1.0,1.0,1.0,0.94,1.0,1.0,1.0,0
0.14,0.0,0.29,0.39,0.36,0.88,0.0,0.0,0
0.14,0.0,0.29,0.61,0.33,0.93,0.58,0.45,0
0.57,0.0,0.69,0.5,0.31,0.83,0.83,0.0,0
0.18,0.5,0.88,1.0,0.0,0.88,0.5,0.3,0
0.45,1.0,0.9,1.0,0.25,0.6,1.0,0.65,0
1.0,1.0,0.98,0.39,1.0,0.4,0.17,0.2,0
0.86,1.0,1.0,1.0,0.0,1.0,0.83,0.6,0
1.0,1.0,0.06,1.0,1.0,0.0,0.75,0.7,0
0.65,0.1,0.0,0.28,0.58,0.14,0.0,0.7,0
0.06,0.0,1.0,0.0,0.5,0.55,0.0,0.85,0
0.29,1.0,1.0,0.44,0.0,0.95,0.83,0.9,0
0.51,1.0,0.88,0.89,0.31,0.76,0.0,0.0,0
1.0,0.4,0.37,0.83,0.53,0.5,0.5,0.3,0
0.73,0.6,1.0,1.0,0.75,0.33,0.17,0.55,0
1.0,1.0,0.82,0.72,0.83,0.26,0.0,0.0,0
0.96,1.0,0.92,0.44,0.17,0.45,0.0,0.0,0
0.65,1.0,1.0,0.61,0.08,0.98,0.75,0.2,0
1.0,1.0,1.0,1.0,0.61,1.0,1.0,0.75,0
0.51,0.0,0.0,0.44,1.0,0.83,1.0,0.55,0
0.0,0.3,0.0,0.5,1.0,0.69,0.92,0.05,0
0.04,0.0,0.49,0.33,0.58,0.9,0.0,0.0,0
0.02,0.6,0.92,0.67,0.5,1.0,1.0,0.75,0
0.1,0.0,0.71,0.39,0.28,0.6,0.17,0.2,0
0.12,0.7,0.88,0.94,0.47,0.29,0.5,0.7,0
0.61,1.0,0.53,0.72,0.61,0.86,0.0,0.2,0
0.96,0.4,0.43,0.17,0.72,0.0,0.67,0.6,0
0.02,0.6,1.0,0.5,0.14,0.62,0.0,0.0,0
1.0,1.0,0.06,1.0,0.28,1.0,0.42,0.25,0
0.51,0.0,0.35,0.56,1.0,0.48,1.0,1.0,0
0.27,0.0,0.59,0.78,0.5,1.0,0.83,1.0,0
0.43,0.0,0.51,0.94,1.0,0.14,1.0,0.8,0
0.39,0.7,0.55,0.0,0.5,0.6,0.0,0.6,0
0.2,0.9,0.16,1.0,0.14,0.6,1.0,1.0,0
0.73,1.0,0.02,0.83,1.0,0.19,1.0,1.0,0
0.51,0.0,0.0,0.0,0.75,0.0,0.25,1.0,0
0.0,0.1,0.71,0.0,0.0,0.07,0.0,0.8,0
0.16,0.2,1.0,0.39,0.0,0.45,0.0,0.0,0
0.63,1.0,1.0,0.78,0.0,0.95,0.0,0.0,0
1.0,1.0,1.0,1.0,0.56,1.0,1.0,0.3,0
1.0,1.0,1.0,1.0,1.0,1.0,1.0,0.95,0
0.69,1.0,0.94,0.39,0.47,0.64,0.0,0.6,0
0.37,1.0,1.0,0.78,0.0,0.86,0.58,0.35,0
0.39,1.0,0.69,0.11,0.36,0.38,0.0,0.15,0
0.49,1.0,0.27,0.67,0.03,0.14,0.67,0.95,0
0.57,0.0,0.98,0.0,0.64,1.0,0.0,0.2,0
0.69,0.7,0.0,1.0,0.5,0.52,1.0,1.0,0
0.47,0.0,0.55,0.0,0.97,0.0,0.5,0.95,0
0.22,1.0,1.0,0.39,0.0,1.0,0.33,0.75,0
0.71,0.8,0.43,1.0,0.14,1.0,1.0,1.0,0
0.43,0.8,1.0,1.0,1.0,1.0,1.0,1.0,0
1.0,1.0,0.0,1.0,1.0,0.52,0.92,1.0,0
0.29,0.0,0.71,0.17,0.53,1.0,1.0,1.0,0
1.0,1.0,1.0,1.0,0.47,0.86,0.83,0.0,0
0.0,0.0,0.0,0.17,0.22,0.19,0.58,1.0,0
1.0,1.0,1.0,1.0,0.53,0.79,0.17,0.0,0
0.43,0.5,0.29,0.33,0.17,0.0,0.0,0.0,0
0.43,0.0,0.43,0.78,0.42,1.0,0.75,0.0,0
0.35,0.0,0.37,0.56,0.64,0.52,1.0,0.0,0
0.0,0.0,0.0,0.11,0.5,0.5,1.0,0.0,0
0.0,0.0,0.06,0.33,0.58,1.0,1.0,1.0,0
0.14,0.0,0.14,0.56,1.0,1.0,1.0,1.0,0
0.22,0.0,0.86,0.78,1.0,1.0,1.0,1.0,0
0.14,0.0,0.2,0.44,0.67,0.95,1.0,0.4,0
0.04,0.0,0.1,0.33,0.86,0.24,1.0,1.0,0
0.24,0.0,0.41,0.33,0.11,0.98,0.5,1.0,0
1.0,1.0,1.0,0.94,0.5,0.69,0.0,0.0,0
0.43,0.0,0.33,0.78,1.0,1.0,1.0,0.45,0
0.43,0.5,0.49,0.72,1.0,0.6,1.0,0.7,0
0.53,1.0,0.71,0.78,0.5,0.79,0.75,0.0,0
0.76,1.0,1.0,0.39,0.67,0.48,1.0,1.0,0
0.43,1.0,0.39,0.11,0.0,0.05,0.0,0.0,0
0.0,0.0,0.0,0.0,0.17,0.43,0.83,1.0,0
0.0,0.0,0.0,0.11,0.58,0.5,1.0,1.0,0
0.0,0.0,0.0,0.11,0.5,0.48,1.0,1.0,0
0.0,0.0,0.0,0.11,0.5,0.67,1.0,1.0,0
0.0,0.0,0.35,0.22,0.67,0.98,1.0,1.0,0
1.0,1.0,1.0,0.89,0.39,0.74,0.0,0.0,0
0.53,0.0,0.63,0.89,1.0,1.0,1.0,1.0,0
0.29,0.0,0.63,0.83,1.0,1.0,1.0,0.75,0
0.31,0.0,0.04,0.22,0.42,0.43,1.0,0.8,0
0.0,0.1,0.35,0.5,0.89,1.0,1.0,1.0,0
1.0,1.0,1.0,1.0,1.0,1.0,1.0,1.0,0
1.0,1.0,0.94,1.0,1.0,0.95,1.0,0.4,0
0.86,0.1,0.82,0.67,0.64,0.17,0.0,0.0,0
0.94,1.0,0.57,0.44,0.03,0.0,0.0,0.0,0
0.78,1.0,1.0,1.0,0.36,1.0,0.92,0.45,0
0.61,1.0,1.0,0.83,0.0,0.98,0.25,0.65,0
1.0,1.0,1.0,1.0,0.75,0.69,0.58,0.0,0
0.92,0.1,0.51,0.94,1.0,1.0,1.0,1.0,0
0.67,1.0,1.0,0.61,0.61,0.81,0.0,0.15,0
0.31,0.5,0.16,0.28,1.0,0.0,0.67,0.95,0
0.65,0.0,0.0,0.39,1.0,0.52,0.75,1.0,0
0.8,1.0,0.41,0.39,0.0,0.93,0.5,0.15,0
0.61,0.5,0.31,0.28,0.81,0.12,1.0,0.85,0
0.08,0.0,0.35,0.11,0.06,0.88,0.67,1.0,0
0.8,0.9,0.18,0.78,0.69,0.29,0.0,0.7,0
0.73,1.0,0.65,0.78,0.25,0.29,1.0,0.95,0
0.18,0.3,0.14,0.06,0.22,0.14,0.0,0.75,0
1.0,1.0,1.0,1.0,0.67,0.48,0.42,0.0,0
0.47,0.5,1.0,0.56,0.0,0.36,0.0,0.0,0
1.0,1.0,0.53,1.0,0.67,0.43,0.0,0.0,0
0.27,0.0,0.0,0.39,0.56,0.24,0.0,0.3,0
0.0,0.0,0.0,0.0,0.0,0.0,0.0,0.0,0
0.39,0.0,0.08,0.5,0.97,0.31,1.0,0.9,0
0.82,0.5,0.51,1.0,0.89,0.76,1.0,0.8,0
0.0,0.0,0.0,0.0,0.0,0.24,0.0,0.6,0
0.0,0.0,1.0,0.61,0.47,1.0,1.0,1.0,0
1.0,1.0,1.0,1.0,1.0,1.0,1.0,1.0,0
1.0,1.0,0.78,0.83,0.92,0.0,0.08,0.0,0
1.0,1.0,1.0,1.0,0.81,0.98,1.0,0.0,0
0.04,0.0,0.88,0.39,0.06,1.0,1.0,1.0,0
0.69,0.0,0.02,0.5,0.94,0.07,0.33,0.45,0
0.63,0.4,0.0,0.0,0.56,0.0,0.5,0.8,0
0.02,0.0,0.18,0.67,1.0,1.0,1.0,1.0,0
0.35,1.0,0.47,0.89,1.0,0.55,1.0,1.0,0
0.76,1.0,0.39,1.0,0.81,0.79,1.0,0.95,0
0.51,1.0,0.53,1.0,0.53,0.64,0.92,0.9,0
0.96,1.0,0.49,0.39,0.14,0.07,0.08,0.35,0
0.18,0.5,0.57,0.28,0.33,1.0,1.0,1.0,0
0.2,0.0,0.0,0.17,0.69,0.21,1.0,1.0,0
1.0,1.0,0.86,1.0,1.0,0.43,1.0,0.75,0
0.9,1.0,0.63,0.5,0.67,0.0,0.25,0.2,0
0.84,1.0,0.51,0.22,0.0,0.0,0.0,0.0,0
1.0,1.0,0.57,0.44,0.58,0.0,0.0,0.1,0
0.0,0.0,0.0,0.0,0.0,0.1,0.0,0.3,0
0.0,0.0,0.53,0.44,0.36,1.0,1.0,1.0,0
0.69,1.0,1.0,1.0,0.97,1.0,1.0,1.0,0
1.0,1.0,0.98,1.0,1.0,0.26,0.58,0.5,0
0.55,0.7,0.0,0.0,0.0,0.43,0.08,0.35,0
0.22,0.1,1.0,1.0,0.97,1.0,1.0,1.0,0
0.67,0.8,0.84,0.61,0.61,0.43,0.92,0.65,0
0.47,1.0,0.98,0.61,0.0,0.24,0.33,0.0,0
0.37,0.5,0.14,0.33,0.64,0.24,0.25,1.0,0
0.71,1.0,0.94,0.28,0.0,0.45,0.0,0.55,0
0.67,1.0,0.39,0.39,0.44,0.95,1.0,1.0,0
0.98,1.0,1.0,1.0,0.97,0.88,1.0,0.4,0
1.0,1.0,0.57,0.67,0.67,0.0,0.0,0.05,0
0.47,1.0,0.57,0.0,0.03,0.1,0.0,0.2,0
0.06,0.0,0.22,0.0,0.0,0.95,0.75,1.0,0
0.96,0.8,0.63,0.67,0.86,0.21,0.0,0.4,0
1.0,1.0,0.57,0.78,1.0,0.71,1.0,0.0,0
0.16,0.0,0.55,0.67,0.67,0.29,0.0,0.0,0
1.0,1.0,1.0,1.0,0.56,0.31,0.83,0.0,0
0.37,0.0,0.14,0.33,0.11,0.33,0.0,0.0,0
0.22,0.0,0.16,0.33,0.06,0.21,0.0,0.45,0
0.0,0.1,0.98,0.83,0.5,1.0,1.0,0.95,0
0.69,0.8,0.71,0.11,0.44,0.79,0.75,0.7,0
1.0,1.0,0.8,1.0,1.0,0.36,0.75,0.5,0
0.37,0.0,0.04,0.11,0.22,0.14,0.0,0.0,0
0.18,0.8,1.0,1.0,0.58,1.0,1.0,1.0,0
0.96,0.9,1.0,1.0,0.72,0.69,1.0,0.35,0
0.84,0.9,0.86,0.56,0.47,0.98,1.0,0.0,0
1.0,1.0,0.94,1.0,1.0,0.83,1.0,1.0,0
1.0,1.0,1.0,0.89,0.92,0.29,0.0,0.0,0
0.0,0.0,0.35,0.22,0.53,0.6,0.83,0.6,0
1.0,1.0,0.82,0.67,0.5,0.0,0.0,0.0,0
1.0,1.0,0.96,0.78,0.58,0.02,0.0,0.0,0
0.71,1.0,0.8,0.33,0.0,0.0,0.0,0.0,0
0.84,1.0,0.8,0.44,0.0,0.0,0.0,0.0,0
1.0,1.0,0.65,0.5,0.19,0.02,0.0,0.0,0
0.88,1.0,0.33,0.22,0.08,0.0,0.0,0.0,0
0.78,1.0,0.18,0.28,0.06,0.52,0.67,0.9,0
0.0,0.0,0.04,0.28,0.64,0.69,0.42,0.1,0
0.0,0.0,0.24,0.17,0.03,1.0,0.92,0.95,0
0.0,0.0,0.0,0.0,0.0,0.0,0.0,0.35,0
1.0,1.0,1.0,1.0,1.0,1.0,1.0,1.0,0
0.18,0.0,0.82,0.78,0.94,0.86,1.0,0.95,0
0.84,0.7,0.33,0.28,0.06,0.55,0.58,0.5,0
0.96,1.0,0.98,1.0,0.92,0.5,1.0,0.25,0
0.9,0.7,0.14,0.11,0.44,0.05,0.0,0.0,0
0.0,0.0,0.55,0.0,0.0,0.69,0.25,0.25,0
0.8,1.0,1.0,1.0,0.56,0.93,0.83,0.4,0
0.92,0.8,0.39,0.44,0.89,0.05,0.08,0.4,0
1.0,1.0,0.61,0.83,1.0,0.1,1.0,0.45,0
0.71,1.0,0.14,0.33,0.0,0.0,0.0,0.4,0
0.02,0.5,0.76,0.22,0.28,0.9,0.42,0.8,0
1.0,1.0,1.0,1.0,1.0,1.0,1.0,0.9,0
0.57,0.4,0.04,0.0,0.67,0.31,1.0,1.0,0
0.04,0.0,0.71,0.67,0.47,0.95,1.0,1.0,0
0.92,0.8,0.65,0.83,1.0,0.0,0.25,0.05,0
0.53,1.0,0.59,0.17,0.69,0.02,0.0,0.15,0
0.8,1.0,0.53,0.11,0.0,0.31,0.08,0.5,0
0.0,0.0,0.0,0.0,0.0,0.31,0.0,0.25,0
0.0,0.0,0.02,0.06,0.08,0.88,1.0,0.8,0
0.02,0.0,0.47,0.44,0.36,1.0,1.0,1.0,0
0.35,0.1,0.65,0.78,0.69,0.26,0.75,0.4,0
0.49,0.6,0.47,0.22,0.25,0.71,0.33,0.4,0
0.9,0.5,0.96,1.0,1.0,1.0,1.0,1.0,0
0.84,1.0,0.86,0.83,0.97,0.67,0.58,0.9,0
0.8,0.8,0.18,0.56,0.67,0.02,0.33,0.05,0
0.61,0.0,0.18,0.39,0.31,0.33,0.25,0.1,0
0.06,0.8,1.0,1.0,0.67,1.0,1.0,1.0,0
0.45,0.1,0.51,0.61,1.0,0.81,1.0,1.0,0
0.57,1.0,0.9,0.11,0.11,0.02,0.17,0.55,0
0.53,1.0,0.71,0.5,0.33,0.57,0.75,0.2,0
1.0,0.9,0.06,0.0,1.0,0.0,0.42,0.35,0
0.88,0.0,0.35,0.83,1.0,1.0,1.0,1.0,0
0.16,0.0,0.0,0.56,1.0,0.64,1.0,1.0,0
0.0,0.0,0.0,0.0,0.33,0.0,0.5,1.0,0
0.0,0.0,0.0,0.0,0.0,0.0,0.0,0.0,0
1.0,1.0,1.0,0.89,0.47,0.5,0.0,0.0,0
1.0,1.0,1.0,0.89,0.39,0.57,0.0,0.0,0
1.0,1.0,1.0,1.0,0.75,0.6,0.17,0.0,0
0.0,0.0,0.0,0.0,0.0,0.0,0.0,0.0,0
1.0,1.0,1.0,0.78,0.75,0.6,0.0,0.0,0
1.0,1.0,0.78,1.0,0.5,0.07,0.0,0.0,0
0.98,1.0,0.86,0.78,0.11,0.0,0.0,0.0,0
0.78,1.0,1.0,0.72,0.0,0.62,0.0,0.0,0
1.0,1.0,1.0,1.0,1.0,0.67,0.67,0.05,0
1.0,1.0,0.35,0.72,0.92,0.0,0.0,0.0,0
0.53,1.0,1.0,0.72,0.0,1.0,0.17,0.0,0
0.86,1.0,0.98,0.44,0.0,0.88,0.25,0.5,0
0.55,1.0,0.61,0.11,0.0,0.0,0.33,0.9,0
1.0,1.0,1.0,1.0,1.0,1.0,1.0,1.0,0
0.96,1.0,0.98,0.78,0.03,0.43,0.08,0.0,0
1.0,1.0,1.0,1.0,1.0,1.0,1.0,1.0,0
1.0,1.0,1.0,1.0,1.0,1.0,1.0,1.0,0
1.0,1.0,1.0,1.0,1.0,1.0,1.0,1.0,0
1.0,1.0,1.0,1.0,1.0,1.0,1.0,0.85,0
1.0,1.0,1.0,1.0,1.0,0.57,1.0,0.7,0
1.0,1.0,1.0,1.0,0.53,1.0,0.92,0.05,0
0.82,0.0,0.27,0.94,0.97,1.0,1.0,1.0,0
0.0,0.0,0.0,0.22,0.89,0.5,1.0,0.85,0
0.92,1.0,0.47,0.22,0.61,0.0,0.0,0.0,0
0.78,1.0,0.71,0.28,0.03,0.0,0.0,0.0,0
1.0,1.0,1.0,0.78,0.31,0.4,0.17,0.0,0
0.82,1.0,1.0,0.61,0.0,0.55,0.0,0.0,0
1.0,1.0,0.63,1.0,0.97,0.02,0.33,0.0,0
0.67,1.0,1.0,0.67,0.0,0.57,0.0,0.0,0
1.0,1.0,0.67,1.0,1.0,0.02,0.5,0.15,0
0.73,0.0,0.04,0.0,0.97,0.0,0.17,0.4,0
0.0,0.0,0.8,0.0,0.0,0.79,0.0,0.2,0
0.31,1.0,0.8,0.44,0.0,0.0,0.0,0.0,0
0.27,0.1,0.0,0.0,0.06,0.0,0.0,0.6,0
0.98,1.0,1.0,0.67,0.0,0.02,0.0,0.0,0
0.86,1.0,0.96,0.44,0.0,0.07,0.0,0.0,0
1.0,1.0,1.0,1.0,0.44,0.64,0.0,0.0,0
1.0,1.0,1.0,0.67,0.25,0.26,0.0,0.0,0
1.0,1.0,1.0,0.56,0.17,0.05,0.0,0.0,0
1.0,1.0,0.92,0.56,0.31,0.0,0.0,0.0,0
0.94,1.0,0.0,0.33,0.11,0.0,0.0,0.0,0
0.94,1.0,0.57,0.44,0.33,0.0,0.0,0.0,0
0.67,1.0,0.86,0.44,0.0,0.0,0.0,0.0,0
0.86,1.0,0.71,0.56,0.0,0.0,0.0,0.0,0
0.8,1.0,1.0,0.44,0.0,0.12,0.0,0.0,0
0.98,1.0,0.41,0.83,0.42,0.0,0.0,0.0,0
0.8,1.0,0.92,0.5,0.0,0.0,0.0,0.0,0
1.0,1.0,1.0,0.89,0.31,0.5,0.0,0.0,0
0.78,1.0,0.96,0.67,0.0,0.12,0.0,0.0,0
1.0,1.0,0.69,0.33,0.53,0.0,0.0,0.0,0
0.92,1.0,0.8,0.39,0.03,0.38,0.0,0.15,0
0.1,0.0,0.22,0.28,0.08,1.0,1.0,1.0,0
0.31,0.6,1.0,1.0,1.0,1.0,1.0,1.0,0
0.8,0.0,0.67,1.0,0.25,1.0,0.67,0.4,0
0.0,0.0,0.0,0.11,0.5,0.5,1.0,0.0,0
0.53,0.6,0.86,0.89,0.89,0.43,0.67,0.1,0
1.0,1.0,0.67,0.39,1.0,0.0,0.0,0.15,0
0.92,1.0,0.53,0.33,0.0,0.0,0.0,0.0,0
1.0,1.0,1.0,0.83,0.19,0.64,0.0,0.0,0
0.47,1.0,0.24,0.06,0.0,0.0,0.0,0.8,0
0.06,0.0,0.0,0.0,0.0,0.1,0.0,0.95,0
0.0,0.0,0.08,0.0,0.36,0.12,0.92,0.95,0
1.0,1.0,1.0,1.0,1.0,1.0,1.0,1.0,0
1.0,1.0,1.0,1.0,1.0,1.0,1.0,0.0,0
1.0,1.0,1.0,1.0,1.0,0.83,1.0,0.0,0
1.0,1.0,1.0,1.0,0.89,1.0,1.0,1.0,0
1.0,1.0,1.0,1.0,1.0,0.79,1.0,0.0,0
0.0,0.0,0.0,0.0,0.0,0.0,0.0,0.0,0
0.0,0.0,0.0,0.0,0.0,0.0,0.0,0.05,0
1.0,1.0,1.0,0.83,0.36,0.74,0.0,0.0,0
0.0,0.0,0.0,0.0,0.0,0.0,0.0,0.35,0
0.0,0.0,0.0,0.0,0.0,0.0,0.0,0.6,0
0.0,0.0,0.0,0.0,0.0,0.0,0.0,0.5,0
0.0,0.0,0.29,0.0,0.0,0.6,0.0,0.2,0
0.0,0.0,0.0,0.33,0.75,0.55,0.5,0.0,0
0.0,0.0,0.08,0.0,0.0,0.0,0.0,0.0,0
0.0,0.0,0.0,0.17,0.36,0.67,1.0,0.95,0
0.0,0.0,0.0,0.33,0.69,0.5,0.58,0.0,0
0.0,0.0,0.06,0.33,0.5,0.33,0.0,0.0,0
0.14,0.0,0.2,0.33,0.33,0.17,0.0,0.0,0
0.82,0.5,0.8,0.94,0.47,0.6,0.0,0.65,0
0.96,0.5,0.98,0.78,0.97,0.93,1.0,0.9,0
0.0,0.0,0.0,0.44,0.92,0.95,1.0,0.55,0
0.57,0.0,0.0,0.33,0.92,0.12,1.0,0.15,0
0.86,0.3,0.65,0.83,0.56,0.29,0.42,0.75,0
0.06,1.0,0.35,0.33,0.61,0.45,1.0,0.7,0
0.43,1.0,0.2,0.11,0.92,0.48,0.83,0.7,0
0.16,0.0,0.06,0.61,0.44,0.55,1.0,0.9,0
0.0,0.0,0.39,0.11,0.14,0.64,0.75,0.8,0
0.65,0.0,0.61,0.44,0.11,0.07,0.0,0.0,0
0.55,0.4,0.59,0.67,0.19,1.0,0.92,0.35,0
0.55,0.0,0.04,0.72,1.0,0.88,1.0,0.05,0
0.02,0.0,0.45,0.28,0.33,0.33,0.42,0.35,0
0.06,0.0,0.04,0.56,0.97,0.81,1.0,0.15,0
0.06,0.0,0.53,0.0,0.08,0.0,0.0,0.35,0
0.71,0.4,0.33,0.22,0.0,0.52,0.0,0.85,0
0.39,0.3,0.29,0.28,0.67,0.83,1.0,1.0,0
0.0,0.4,0.59,0.5,0.83,0.69,1.0,1.0,0
0.8,1.0,0.53,0.11,0.83,0.07,0.75,0.95,0
1.0,1.0,0.8,1.0,1.0,1.0,1.0,0.7,0
0.65,1.0,0.73,0.5,0.81,0.62,0.17,0.8,0
0.63,0.2,0.69,0.67,0.78,0.21,0.5,0.35,0
0.9,0.2,0.82,0.44,0.42,0.45,0.83,0.85,0
0.55,0.1,0.63,0.56,0.97,0.26,0.67,0.4,0
0.0,0.0,0.14,0.33,0.64,0.81,0.83,0.85,0
0.2,0.3,0.8,0.33,0.69,0.33,0.0,0.0,0
0.29,0.1,0.0,0.06,0.44,0.26,0.75,1.0,0
0.0,0.0,0.0,0.44,0.97,0.93,1.0,1.0,0
0.08,0.0,0.53,0.83,0.72,0.67,0.92,1.0,0
0.08,0.0,0.47,0.78,0.83,1.0,1.0,0.85,0
0.49,0.9,1.0,1.0,1.0,0.81,1.0,0.95,0
0.98,0.1,0.57,0.67,0.39,0.95,0.0,0.2,0
0.8,0.7,0.55,0.83,1.0,0.19,1.0,1.0,0
0.98,1.0,1.0,1.0,0.97,1.0,1.0,0.5,0
1.0,1.0,1.0,1.0,1.0,1.0,1.0,0.8,0
0.12,0.7,0.98,0.56,0.31,0.57,0.5,0.65,0
1.0,1.0,0.67,0.56,1.0,0.4,1.0,0.8,0
0.98,1.0,0.96,0.44,0.25,0.36,0.17,0.95,0
0.65,0.6,0.71,0.89,0.47,0.52,1.0,1.0,0
0.65,0.9,0.67,0.89,0.94,1.0,1.0,0.8,0
0.86,1.0,0.9,0.89,0.28,1.0,0.58,0.35,0
0.69,0.4,0.31,0.67,0.92,0.36,1.0,1.0,0
0.98,1.0,0.65,1.0,0.78,0.48,0.08,0.15,0
0.49,0.8,1.0,0.72,0.33,0.55,0.0,0.7,0
1.0,1.0,1.0,1.0,0.83,0.5,0.0,0.65,0
0.92,0.8,0.57,1.0,0.89,0.33,1.0,0.7,0
0.55,0.4,0.76,1.0,0.81,0.69,0.83,0.1,0
0.51,0.8,0.51,0.11,0.72,0.74,0.67,0.8,0
0.57,0.1,0.61,0.78,0.81,0.43,1.0,1.0,0
0.98,1.0,0.47,0.83,1.0,0.31,0.33,1.0,0
0.98,1.0,0.86,0.89,0.25,0.17,0.0,0.0,0
0.76,1.0,0.98,0.44,0.42,0.43,0.0,0.0,0
1.0,1.0,1.0,0.33,0.25,0.5,0.0,0.0,0
1.0,1.0,1.0,0.72,0.22,0.17,0.0,0.0,0
1.0,1.0,1.0,0.89,0.22,0.5,0.0,0.0,0
1.0,1.0,0.88,0.94,0.58,0.6,0.33,0.0,0
0.78,1.0,1.0,0.94,0.36,0.81,0.0,0.2,0
0.65,1.0,0.9,0.44,0.47,0.17,0.0,0.0,0
1.0,1.0,0.98,0.83,0.67,0.71,0.5,0.15,0
1.0,0.8,0.69,0.94,0.47,0.98,1.0,0.65,0
0.31,0.4,0.88,0.72,0.19,0.83,0.67,0.85,0
0.9,0.5,0.33,0.56,1.0,0.17,0.67,0.75,0
0.8,0.9,0.45,0.33,0.14,0.36,0.75,0.15,0
0.35,0.8,0.08,0.44,0.69,0.14,0.58,0.4,0
0.53,1.0,0.78,0.44,0.64,0.45,0.08,0.1,0
0.55,1.0,0.9,0.89,0.19,0.79,0.0,0.2,0
1.0,1.0,0.92,1.0,0.89,1.0,1.0,0.4,0
0.76,0.9,0.06,0.61,1.0,0.45,1.0,0.95,0
1.0,1.0,0.76,0.67,0.25,0.0,0.0,0.0,0
0.45,1.0,0.33,0.56,0.81,0.64,1.0,0.55,0
0.55,0.3,0.14,0.61,0.83,0.6,1.0,0.75,0
0.49,1.0,0.88,0.22,0.47,0.4,0.33,0.15,0
1.0,1.0,0.98,0.78,0.42,0.33,0.08,0.0,0
1.0,1.0,0.98,0.78,0.61,0.45,0.25,0.3,0
0.9,0.8,0.76,0.5,0.44,0.43,0.42,0.35,0
0.22,0.5,0.35,0.11,0.33,0.31,0.25,0.5,0
0.18,0.0,0.24,0.22,0.33,0.48,0.5,0.4,0
0.41,0.9,0.35,0.28,0.64,0.43,0.5,0.3,0
0.35,0.5,0.65,0.33,0.22,0.71,0.42,0.0,0
0.61,1.0,0.96,0.39,0.0,0.0,0.0,0.0,0
0.2,0.0,0.63,0.5,0.33,0.62,0.58,0.75,0
0.57,0.9,0.98,0.72,0.25,0.71,0.83,0.2,0
0.53,0.5,0.49,1.0,0.89,0.93,0.75,0.9,0
0.61,0.6,0.35,0.72,0.78,0.71,0.08,1.0,0
0.04,0.0,0.0,0.0,0.72,0.55,0.58,0.8,0
0.04,0.1,0.37,0.5,0.83,1.0,0.67,0.85,0
0.22,0.0,0.02,0.5,0.67,0.6,1.0,1.0,0
0.0,0.0,0.06,0.06,0.28,0.36,0.42,1.0,0
0.43,1.0,0.1,0.0,0.72,0.14,0.08,0.6,0
0.82,0.2,0.49,0.61,0.81,0.14,0.42,0.9,0
0.8,1.0,1.0,0.67,0.17,0.31,0.0,0.7,0
0.94,1.0,0.22,0.56,0.97,0.48,0.33,0.4,0
0.57,0.2,0.39,0.22,0.64,0.24,0.0,0.0,0
0.45,0.3,0.47,0.22,0.44,0.26,0.33,0.0,0
0.41,0.7,0.39,0.28,0.06,0.31,0.0,0.05,0
0.37,0.4,0.57,0.17,0.08,0.1,0.0,0.0,0
0.41,0.6,0.65,0.39,0.19,0.79,0.25,0.05,0
0.73,1.0,0.65,0.72,0.53,0.55,0.83,0.2,0
0.55,0.7,0.49,0.33,0.44,0.19,0.75,0.25,0
0.31,0.1,0.67,0.44,0.11,0.12,0.0,0.6,0
0.49,0.9,0.69,0.39,0.17,0.52,0.0,0.2,0
0.53,1.0,0.86,0.67,0.47,0.6,0.33,0.75,0
0.49,0.0,0.61,0.83,0.53,0.86,0.75,0.45,0
1.0,1.0,0.98,0.78,0.92,0.55,0.08,0.45,0
0.82,1.0,0.65,0.72,0.69,0.71,0.42,0.25,0
0.86,1.0,0.98,1.0,0.72,0.52,0.17,0.0,0
1.0,1.0,1.0,0.78,0.64,0.86,0.17,0.15,0
1.0,1.0,1.0,0.67,0.44,0.26,0.0,0.0,0
1.0,1.0,0.9,0.78,0.33,0.14,0.0,0.05,0
0.71,1.0,0.0,0.28,0.28,0.14,0.0,0.05,0
0.92,1.0,0.2,0.61,0.53,0.55,0.17,0.3,0
0.82,0.3,0.39,0.72,0.72,0.36,0.67,0.1,0
0.65,0.4,0.63,0.78,1.0,0.95,1.0,0.8,0
1.0,1.0,1.0,1.0,1.0,1.0,1.0,1.0,0
0.51,0.3,0.06,0.44,0.28,0.0,0.58,0.0,0
0.16,0.0,0.2,0.0,0.03,0.0,0.0,0.8,0
0.39,0.3,0.39,0.17,0.28,0.4,0.58,0.6,0
0.18,0.0,0.45,0.72,0.28,0.64,0.75,0.65,0
0.43,0.4,0.49,0.5,0.03,0.26,0.0,0.75,0
0.33,0.5,0.59,0.33,0.11,0.29,0.5,0.3,0
0.71,0.4,0.37,0.28,0.44,0.71,0.67,0.1,0
0.43,0.5,0.67,0.83,0.53,0.6,0.42,0.45,0
0.33,0.6,0.88,0.44,0.61,0.62,0.67,0.0,0
0.02,0.4,0.8,0.44,0.0,0.88,0.33,0.95,0
0.98,0.6,0.49,0.78,1.0,0.6,0.75,0.75,0
0.63,1.0,0.49,0.94,0.97,1.0,1.0,1.0,0
0.9,1.0,0.88,0.67,0.89,0.74,0.42,0.3,0
0.86,0.1,0.94,0.56,0.92,0.45,0.25,1.0,0
0.94,1.0,1.0,0.67,0.78,0.81,0.0,0.5,0
1.0,1.0,1.0,0.94,1.0,0.26,0.83,0.05,0
0.96,0.9,0.92,0.72,0.28,0.64,1.0,0.9,0
0.9,0.8,0.16,0.67,0.44,0.26,0.75,0.3,0
0.65,0.3,0.33,0.5,0.69,0.43,0.0,0.45,0
0.27,0.0,0.12,0.17,0.28,0.71,0.33,0.3,0
0.1,0.9,0.06,0.11,0.72,0.05,0.0,0.45,0
0.96,0.8,0.24,0.78,0.97,0.36,0.58,0.9,0
0.0,0.0,0.0,0.0,0.0,0.6,0.42,0.65,0
0.0,0.0,0.0,0.0,0.25,0.17,0.67,1.0,0
0.2,0.0,0.29,0.17,0.06,0.0,0.0,0.0,0
0.96,0.4,0.0,0.22,0.33,0.02,0.08,0.2,0
0.0,0.0,0.0,0.06,0.39,0.0,0.08,0.1,0
0.12,0.0,0.0,0.0,0.36,0.0,0.0,0.35,0
0.0,0.0,0.0,0.0,0.0,0.05,0.0,0.15,0
0.08,0.0,0.59,0.22,0.39,0.5,1.0,0.1,0
1.0,0.6,0.0,0.83,1.0,0.0,0.67,0.95,0
0.45,1.0,0.24,0.06,0.78,0.07,0.17,0.65,0
0.24,0.4,0.14,0.0,0.0,0.21,0.0,0.1,0
0.73,1.0,0.43,0.67,0.06,0.0,0.0,0.0,0
0.02,0.0,0.0,0.17,0.42,0.48,0.83,0.0,0
0.41,0.0,0.53,0.67,0.61,0.67,0.5,0.0,0
0.59,0.7,0.73,0.72,0.67,0.6,0.0,0.25,0
0.96,0.9,0.92,0.78,0.83,0.26,0.25,0.05,0
0.71,1.0,0.71,0.39,0.36,0.48,0.0,0.0,0
0.55,0.5,0.59,0.61,0.33,0.38,0.08,0.95,0
0.53,0.0,0.06,0.22,0.31,0.76,0.75,1.0,0
0.47,0.1,0.61,0.83,0.58,0.98,1.0,0.75,0
0.69,0.0,0.24,0.83,0.75,0.81,0.83,0.8,0
0.31,0.5,0.16,0.5,0.72,0.5,0.08,0.35,0
0.14,0.0,0.37,0.56,0.5,0.69,0.25,0.05,0
0.22,0.0,0.71,0.83,0.69,1.0,0.92,0.85,0
0.67,0.8,0.92,0.5,0.56,1.0,0.33,0.3,0
0.94,1.0,0.84,1.0,0.92,0.55,0.83,0.95,0
0.98,0.6,0.39,0.83,0.83,0.24,0.5,0.35,0
0.88,1.0,1.0,1.0,0.81,0.83,1.0,1.0,0
0.92,1.0,0.9,1.0,0.64,0.79,1.0,0.8,0
0.9,0.4,0.86,0.94,1.0,0.62,0.92,0.55,0
0.22,0.5,0.22,0.39,0.17,0.1,0.0,0.6,0
0.47,0.4,0.33,0.67,0.64,0.1,0.0,0.45,0
0.37,0.3,0.35,0.06,0.28,0.31,0.75,0.6,0
0.47,0.5,0.29,0.0,0.08,0.0,0.0,0.8,0
0.0,0.0,0.0,0.0,0.0,0.0,0.0,0.85,0
0.0,0.0,0.0,0.0,0.0,0.36,0.08,0.85,0
0.02,0.0,0.04,0.0,0.42,0.0,0.92,0.05,0
0.78,0.7,0.12,0.33,0.72,0.38,0.0,0.4,0
0.69,1.0,0.84,0.39,0.19,0.5,0.0,0.0,0
0.98,0.9,0.86,0.78,0.42,0.36,0.0,0.45,0
0.69,0.7,0.82,1.0,0.5,0.64,0.33,0.0,0
0.71,0.7,1.0,0.78,0.53,0.71,0.0,0.25,0
0.69,1.0,1.0,1.0,0.86,0.93,1.0,0.0,0
0.9,0.0,1.0,0.94,0.89,0.83,0.75,0.65,0
0.96,0.9,0.8,0.78,0.5,0.64,0.58,0.65,0
0.67,1.0,0.98,0.56,0.42,0.74,0.42,0.05,0
0.53,0.7,0.57,0.89,1.0,0.52,1.0,1.0,0
0.76,0.7,0.37,0.83,0.83,1.0,1.0,1.0,0
0.55,0.4,0.08,0.5,0.97,0.76,1.0,0.75,0
0.55,1.0,0.41,0.78,0.89,0.9,1.0,1.0,0
0.88,0.9,0.14,0.44,1.0,0.1,0.42,0.2,0
0.29,0.1,0.27,0.5,0.58,0.67,0.83,0.45,0
0.59,1.0,0.55,0.89,0.94,0.67,0.83,0.35,0
0.16,0.0,0.04,0.5,0.92,0.83,0.75,0.35,0
0.0,0.7,0.59,0.56,0.89,0.98,1.0,0.0,0
0.59,1.0,0.31,0.72,1.0,0.79,1.0,0.0,0
0.14,0.7,0.69,0.56,0.72,0.93,1.0,0.05,0
0.43,0.6,0.0,0.33,0.89,0.0,0.83,0.0,0
0.16,0.6,0.04,0.0,0.0,0.05,0.0,0.0,0
0.1,1.0,0.0,0.44,0.94,0.19,0.58,0.85,0
0.0,0.0,0.57,0.0,0.0,0.05,0.0,0.0,0
0.33,0.8,0.45,0.33,0.17,0.14,0.0,0.15,0
0.41,0.2,0.53,0.17,0.0,0.07,0.0,0.0,0
0.29,0.5,0.16,0.78,0.06,0.0,0.0,0.0,0
0.22,0.9,0.45,0.33,0.0,0.0,0.0,0.0,0
0.37,0.5,0.76,0.17,0.03,0.62,0.33,0.25,0
0.06,0.1,0.53,0.28,0.42,0.74,0.5,0.0,0
0.92,0.2,0.71,0.94,0.56,1.0,1.0,1.0,0
0.9,1.0,0.69,1.0,0.97,1.0,1.0,1.0,0
0.98,1.0,1.0,0.94,1.0,0.86,1.0,0.8,0
0.0,0.0,0.06,0.56,0.75,0.88,0.92,0.75,0
1.0,0.5,0.51,0.78,1.0,0.71,1.0,0.75,0
1.0,0.7,0.06,0.56,0.94,0.02,0.33,0.3,0
0.53,0.3,0.65,0.39,0.03,0.4,0.0,0.0,0
0.47,0.2,0.14,0.39,0.56,0.5,1.0,0.15,0
0.1,0.2,0.0,0.06,0.89,0.02,0.83,0.8,0
0.29,0.1,0.0,0.22,0.56,0.0,0.17,0.2,0
0.33,0.1,0.06,0.17,0.25,0.0,0.0,0.05,0
0.0,0.0,0.0,0.11,0.17,0.1,0.42,0.0,0
0.06,0.4,0.41,0.17,0.0,0.76,0.25,0.75,0
0.0,0.1,0.35,0.0,0.0,0.02,0.0,0.55,0
0.0,0.0,0.0,0.33,0.64,0.93,1.0,0.0,0
0.29,0.9,0.53,0.11,0.0,0.07,0.0,0.15,0
0.31,0.1,0.0,0.0,0.03,0.0,0.0,0.15,0
0.06,0.0,0.0,0.17,0.14,0.5,0.08,0.35,0
0.0,0.2,0.43,0.0,0.06,0.36,0.17,0.2,0
0.41,0.0,0.65,0.44,0.11,0.02,0.0,0.0,0
0.2,0.0,0.08,0.33,0.47,0.95,1.0,1.0,0
1.0,1.0,1.0,1.0,0.83,1.0,1.0,1.0,0
0.9,0.0,1.0,0.94,1.0,0.9,1.0,0.65,0
1.0,0.8,0.57,1.0,1.0,0.71,1.0,1.0,0
1.0,1.0,0.96,1.0,0.81,0.98,0.92,0.5,0
1.0,1.0,1.0,1.0,0.97,1.0,0.92,0.0,0
1.0,1.0,0.96,0.83,0.75,0.24,0.0,0.0,0
0.0,0.0,0.1,0.06,0.0,0.79,0.67,0.6,0
0.12,0.8,0.45,0.06,0.33,0.52,1.0,1.0,0
0.71,0.3,0.0,0.0,0.67,0.33,1.0,0.8,0
0.06,0.8,0.16,0.44,0.25,0.43,0.92,0.6,0
0.0,0.0,0.0,0.0,0.31,0.12,0.17,0.6,0
0.31,1.0,0.51,0.17,0.31,0.69,0.17,0.75,0
0.76,1.0,0.76,1.0,0.17,0.05,0.83,0.4,0
0.31,0.6,0.43,0.61,0.25,0.1,0.83,0.55,0
0.0,0.0,0.29,0.0,0.31,0.5,0.0,0.15,0
0.0,0.0,0.0,0.0,0.17,0.05,0.08,0.2,0
0.0,0.0,0.0,0.0,0.0,0.5,0.0,0.7,0
0.0,0.0,0.0,0.0,0.86,0.0,0.42,0.75,0
0.0,0.0,0.37,0.0,0.06,0.5,0.0,0.3,0
0.94,1.0,0.67,0.61,1.0,0.43,0.5,0.3,0
0.78,1.0,0.41,1.0,1.0,0.02,0.92,1.0,0
0.02,0.0,0.0,0.44,0.0,0.19,1.0,0.55,0
0.65,0.0,0.29,0.56,0.28,0.4,0.83,0.7,0
1.0,1.0,1.0,0.89,1.0,0.76,0.08,0.2,0
1.0,1.0,0.78,0.28,1.0,0.43,0.33,0.4,0
1.0,1.0,1.0,1.0,1.0,0.95,0.67,0.2,0
0.43,1.0,0.0,0.11,0.22,0.24,0.33,0.4,0
1.0,1.0,0.8,1.0,1.0,0.43,1.0,0.3,0
1.0,1.0,1.0,0.78,0.61,0.36,0.0,0.0,0
0.04,0.6,1.0,1.0,0.0,1.0,1.0,0.8,0
1.0,0.8,0.04,1.0,1.0,0.36,1.0,0.8,0
0.84,1.0,0.65,1.0,0.83,1.0,1.0,1.0,0
0.0,0.2,0.86,0.0,0.47,0.0,0.67,0.8,0
0.47,0.0,0.59,0.56,0.5,0.81,1.0,1.0,0
0.22,0.9,0.06,1.0,0.33,0.0,0.83,0.95,0
0.78,0.4,0.14,0.28,0.67,0.33,0.83,1.0,0
0.69,0.0,1.0,0.67,1.0,1.0,1.0,1.0,0
0.98,0.2,0.16,0.06,1.0,0.76,1.0,1.0,0
0.57,1.0,1.0,1.0,1.0,1.0,1.0,1.0,0
1.0,1.0,1.0,1.0,0.53,0.4,0.17,0.0,0
0.8,0.4,0.8,1.0,0.44,1.0,0.75,0.85,0
0.22,0.0,0.24,0.61,0.83,1.0,1.0,1.0,0
0.18,0.0,0.0,0.11,0.81,0.0,0.5,0.5,0
0.0,0.8,0.51,0.17,0.0,0.0,0.0,0.0,0
0.86,0.0,0.29,0.28,1.0,0.79,1.0,1.0,0
0.78,1.0,0.84,0.22,0.36,0.43,0.0,0.0,0
0.86,0.0,0.29,0.22,1.0,0.76,1.0,1.0,0
0.86,0.5,1.0,1.0,1.0,0.81,1.0,1.0,0
1.0,0.2,0.0,0.22,1.0,0.38,1.0,1.0,0
0.84,1.0,1.0,1.0,0.89,1.0,1.0,1.0,0
1.0,1.0,1.0,0.67,0.56,0.1,0.0,0.0,0
1.0,1.0,0.14,1.0,1.0,0.45,1.0,1.0,0
0.47,1.0,1.0,1.0,0.72,1.0,1.0,1.0,0
1.0,1.0,0.71,1.0,1.0,1.0,1.0,1.0,0
0.57,0.0,0.14,0.11,0.94,0.57,1.0,1.0,0
1.0,1.0,0.76,0.61,1.0,0.0,0.33,0.5,0
0.76,1.0,0.71,1.0,0.0,0.9,0.67,0.55,0
0.0,0.0,1.0,0.0,0.17,1.0,0.42,1.0,0
0.9,0.9,1.0,1.0,1.0,1.0,1.0,1.0,0
0.94,1.0,0.37,0.22,0.89,0.0,0.0,0.2,0
0.0,0.0,1.0,0.0,0.0,1.0,0.33,0.6,0
1.0,1.0,1.0,0.89,0.36,0.29,0.0,0.0,0
0.98,1.0,0.96,0.72,0.69,0.45,0.83,0.05,0
1.0,1.0,0.61,1.0,1.0,0.83,1.0,1.0,0
0.0,0.0,0.0,0.0,0.0,0.0,0.0,0.35,0
0.47,0.0,0.53,0.89,1.0,1.0,1.0,1.0,0
0.43,0.0,0.29,0.22,0.94,0.9,1.0,1.0,0
1.0,1.0,1.0,1.0,1.0,1.0,1.0,1.0,0
1.0,1.0,0.55,1.0,1.0,0.71,1.0,1.0,0
0.0,0.0,0.88,0.0,0.08,0.71,0.0,1.0,0
1.0,1.0,1.0,1.0,1.0,1.0,1.0,1.0,0
1.0,0.8,0.86,1.0,1.0,0.98,1.0,1.0,0
0.0,0.0,0.0,0.0,0.0,0.05,0.17,0.85,0
0.14,0.0,0.14,0.0,0.75,0.38,0.83,1.0,0
1.0,1.0,1.0,1.0,1.0,1.0,1.0,1.0,0
1.0,1.0,1.0,1.0,1.0,1.0,1.0,1.0,0
1.0,0.6,0.0,0.72,1.0,0.6,1.0,1.0,0
0.0,0.4,1.0,0.28,0.19,1.0,0.42,1.0,0
1.0,1.0,1.0,0.94,1.0,0.6,0.92,1.0,0
1.0,1.0,0.61,0.67,0.58,0.29,1.0,0.35,0
0.86,0.0,0.0,0.0,1.0,0.38,0.92,1.0,0
0.0,0.6,1.0,1.0,0.42,1.0,1.0,1.0,0
0.61,0.7,0.82,0.67,0.97,0.67,0.75,1.0,0
1.0,1.0,1.0,0.72,0.47,0.02,0.0,0.0,0
0.59,0.6,0.06,0.28,0.81,0.43,1.0,0.95,0
1.0,1.0,1.0,0.83,0.81,0.45,0.0,0.15,0
1.0,1.0,1.0,1.0,1.0,1.0,1.0,1.0,0
1.0,1.0,1.0,1.0,1.0,1.0,1.0,1.0,0
1.0,1.0,0.22,1.0,1.0,0.24,1.0,1.0,0
0.08,0.0,0.67,0.56,1.0,1.0,1.0,0.9,0
0.96,1.0,1.0,1.0,1.0,1.0,1.0,1.0,0
1.0,1.0,1.0,1.0,1.0,1.0,1.0,1.0,0
1.0,1.0,1.0,1.0,1.0,1.0,1.0,1.0,0
1.0,1.0,0.39,0.72,1.0,0.0,0.5,0.55,0
1.0,1.0,1.0,0.83,0.58,0.57,0.08,0.0,0
0.29,1.0,0.76,0.11,0.0,0.14,0.0,0.0,0
0.94,1.0,0.96,1.0,0.94,0.88,1.0,0.2,0
0.98,1.0,0.9,0.89,0.97,0.1,0.83,0.35,0
0.8,1.0,0.51,0.67,0.14,0.33,0.5,1.0,0
0.45,0.5,0.04,0.28,0.56,0.36,1.0,1.0,0
1.0,1.0,0.55,1.0,1.0,0.24,1.0,1.0,0
0.33,1.0,0.61,0.61,0.56,0.36,1.0,1.0,0
0.88,1.0,1.0,1.0,0.0,1.0,0.83,0.7,0
1.0,1.0,0.8,1.0,1.0,0.74,1.0,1.0,0
0.55,0.0,0.59,0.67,0.69,1.0,1.0,1.0,0
0.92,1.0,1.0,0.67,0.19,0.05,0.0,0.0,0
0.94,0.2,0.29,1.0,1.0,0.24,1.0,0.65,0
1.0,1.0,1.0,1.0,1.0,1.0,1.0,1.0,0
1.0,1.0,1.0,1.0,1.0,1.0,1.0,1.0,0
1.0,1.0,0.39,1.0,1.0,0.5,1.0,1.0,0
0.0,0.0,0.14,0.0,0.31,0.0,0.25,1.0,0
1.0,1.0,1.0,1.0,0.86,1.0,1.0,1.0,0
1.0,1.0,1.0,1.0,1.0,1.0,1.0,1.0,0
1.0,1.0,1.0,1.0,1.0,1.0,1.0,1.0,0
1.0,0.8,0.0,1.0,1.0,0.0,0.83,0.7,0
0.39,0.7,0.73,0.5,0.14,0.83,0.08,0.6,0
0.0,0.0,0.0,0.0,0.0,0.02,0.33,0.95,0
0.0,0.0,0.06,0.0,0.0,0.57,0.0,0.0,0
0.96,1.0,1.0,1.0,0.83,1.0,1.0,1.0,0
0.86,1.0,1.0,1.0,1.0,0.81,1.0,0.6,0
0.98,1.0,0.69,0.56,0.44,0.24,0.67,0.65,0
0.14,0.1,0.76,0.56,0.86,1.0,1.0,1.0,0
0.92,1.0,0.06,1.0,1.0,0.0,0.83,0.7,0
0.67,0.1,0.22,0.33,0.89,0.48,0.08,0.6,0
0.1,0.8,1.0,1.0,0.08,1.0,1.0,0.8,0
1.0,1.0,1.0,1.0,1.0,1.0,1.0,1.0,0
1.0,1.0,0.8,1.0,1.0,1.0,1.0,1.0,0
0.98,0.8,0.49,0.94,0.75,0.26,1.0,0.25,0
0.78,1.0,0.96,1.0,1.0,1.0,1.0,1.0,0
1.0,1.0,1.0,1.0,1.0,1.0,1.0,1.0,0
1.0,1.0,1.0,1.0,1.0,1.0,1.0,1.0,0
1.0,1.0,1.0,1.0,1.0,1.0,1.0,1.0,0
1.0,1.0,1.0,1.0,1.0,1.0,1.0,1.0,0
1.0,1.0,1.0,1.0,1.0,1.0,1.0,1.0,0
1.0,1.0,1.0,1.0,1.0,1.0,1.0,1.0,0
1.0,1.0,1.0,1.0,0.94,1.0,1.0,0.85,0
1.0,1.0,0.47,1.0,1.0,1.0,1.0,1.0,0
0.22,0.1,0.49,0.83,1.0,1.0,1.0,1.0,0
0.9,1.0,1.0,1.0,1.0,1.0,1.0,1.0,0
0.1,0.0,0.47,0.11,0.53,1.0,0.83,0.9,0
0.92,1.0,0.71,1.0,1.0,1.0,1.0,1.0,0
0.96,0.6,1.0,1.0,1.0,1.0,1.0,1.0,0
1.0,1.0,1.0,1.0,1.0,1.0,1.0,1.0,0
1.0,1.0,0.53,1.0,1.0,1.0,1.0,1.0,0
0.49,0.0,0.27,0.94,1.0,1.0,1.0,1.0,0
0.43,1.0,1.0,1.0,1.0,1.0,1.0,1.0,0
1.0,1.0,1.0,1.0,1.0,1.0,1.0,1.0,0
1.0,1.0,1.0,1.0,1.0,0.43,0.75,0.65,0
0.47,0.0,0.0,0.39,1.0,0.07,1.0,0.85,0
0.0,0.0,0.41,0.06,0.19,0.88,0.67,0.75,0
0.76,0.0,0.0,0.06,1.0,0.0,0.17,0.5,0
1.0,1.0,1.0,0.83,0.72,0.14,0.0,0.0,0
1.0,1.0,1.0,0.78,0.72,0.43,0.0,0.0,0
0.0,0.0,0.0,0.0,0.0,0.0,0.0,0.0,0
0.57,1.0,1.0,1.0,0.78,1.0,1.0,1.0,0
1.0,1.0,0.96,0.67,0.44,0.07,0.0,0.0,0
1.0,1.0,0.67,1.0,1.0,1.0,1.0,1.0,0
0.49,0.0,0.0,0.0,1.0,0.0,0.42,0.55,0
1.0,1.0,1.0,0.56,0.58,0.26,0.0,0.0,0
0.92,1.0,0.8,0.5,0.06,0.0,0.0,0.0,0
0.0,0.0,0.0,0.0,0.0,0.33,0.0,0.3,0
0.61,1.0,1.0,1.0,1.0,1.0,1.0,1.0,0
0.22,0.0,0.0,0.0,0.67,0.0,0.0,0.1,0
0.65,1.0,1.0,0.78,0.75,0.67,0.17,0.0,0
0.0,0.0,0.29,0.11,0.0,0.88,0.83,1.0,0
0.0,0.0,0.51,0.0,0.0,0.81,0.0,0.15,0
1.0,1.0,0.96,0.89,0.78,0.21,0.17,0.0,0
0.88,0.8,0.9,0.83,0.94,0.74,0.75,0.45,0
0.8,0.9,1.0,1.0,1.0,1.0,1.0,1.0,0
1.0,1.0,0.86,1.0,1.0,1.0,1.0,1.0,0
0.94,0.5,0.9,1.0,1.0,1.0,1.0,1.0,0
1.0,0.8,0.76,1.0,1.0,1.0,1.0,1.0,0
0.45,0.0,0.0,0.22,0.97,0.12,1.0,0.95,0
0.0,0.0,0.0,0.0,0.0,0.0,0.0,0.0,0
0.06,0.0,0.73,0.56,0.58,1.0,1.0,1.0,0
0.45,0.3,0.67,0.72,0.86,0.45,0.42,0.5,0
0.61,0.3,0.65,0.28,0.58,0.69,0.67,0.85,0
1.0,1.0,1.0,0.83,0.67,0.19,0.25,0.0,0
1.0,0.9,0.18,1.0,1.0,0.76,1.0,1.0,0
1.0,1.0,1.0,0.94,0.47,0.36,0.0,0.0,0
1.0,1.0,1.0,0.83,0.53,0.43,0.17,0.0,0
0.24,0.5,1.0,1.0,0.78,1.0,1.0,1.0,0
0.65,0.7,0.51,0.67,0.25,0.64,0.5,0.55,0
0.96,0.1,0.12,0.67,1.0,0.45,1.0,1.0,0
1.0,1.0,1.0,0.72,0.22,0.43,0.0,0.0,0
0.45,1.0,1.0,1.0,1.0,1.0,1.0,1.0,0
0.0,0.6,1.0,0.78,0.0,1.0,0.92,0.8,0
0.67,0.5,1.0,0.94,0.36,1.0,1.0,1.0,0
1.0,1.0,1.0,0.94,0.78,0.38,0.33,0.0,0
1.0,1.0,1.0,1.0,1.0,0.93,0.58,1.0,0
1.0,1.0,0.86,0.83,0.78,0.79,0.67,0.9,0
0.71,0.8,0.49,0.61,0.86,0.93,1.0,1.0,0
0.88,0.8,0.43,0.5,0.89,0.67,1.0,1.0,0
1.0,1.0,0.12,1.0,1.0,0.43,1.0,0.95,0
0.0,0.1,0.96,0.44,0.0,1.0,0.83,0.6,0
1.0,1.0,1.0,1.0,0.86,1.0,1.0,0.7,0
0.71,0.4,0.45,0.39,0.83,0.6,0.17,0.7,0
0.82,0.5,0.98,0.89,1.0,0.86,1.0,0.7,0
1.0,1.0,0.59,1.0,1.0,0.48,1.0,0.95,0
1.0,1.0,1.0,0.94,0.75,0.4,0.0,0.0,0
1.0,1.0,1.0,1.0,0.81,0.67,0.5,0.0,0
0.0,0.0,0.39,0.0,0.0,0.93,0.08,0.2,0
0.39,0.3,0.55,0.39,0.61,0.76,0.33,0.55,0
0.39,0.4,0.65,0.28,0.25,0.57,0.58,0.25,0
0.39,1.0,0.63,0.83,0.47,0.29,0.33,0.5,0
0.43,0.0,0.0,0.0,0.86,0.0,0.0,0.05,0
1.0,1.0,1.0,1.0,0.97,1.0,1.0,1.0,0
0.33,1.0,1.0,1.0,0.33,1.0,1.0,0.75,0
0.98,1.0,1.0,1.0,0.72,1.0,1.0,1.0,0
1.0,1.0,0.84,1.0,1.0,1.0,1.0,1.0,0
1.0,1.0,1.0,0.94,0.81,0.55,0.17,0.0,0
1.0,1.0,1.0,0.78,0.83,0.95,0.17,0.75,0
1.0,1.0,0.84,1.0,1.0,1.0,1.0,1.0,0
1.0,1.0,1.0,1.0,0.97,1.0,1.0,0.9,0
1.0,1.0,0.49,0.89,0.86,0.45,0.67,0.4,0
0.02,0.8,1.0,0.72,0.0,0.95,0.33,0.25,0
0.67,1.0,1.0,0.83,0.72,0.86,1.0,0.7,0
1.0,1.0,1.0,1.0,1.0,1.0,1.0,0.85,0
1.0,1.0,1.0,1.0,1.0,1.0,1.0,0.9,0
1.0,1.0,0.0,0.22,0.58,0.0,0.0,0.0,0
0.84,1.0,0.63,0.44,0.19,0.02,0.0,0.0,0
1.0,1.0,1.0,0.94,0.72,0.57,0.08,0.0,0
0.0,0.3,0.82,0.72,0.0,0.52,0.0,0.0,0
0.98,1.0,1.0,1.0,0.64,1.0,1.0,0.25,0
1.0,1.0,1.0,0.94,1.0,1.0,1.0,0.9,0
0.76,1.0,0.69,1.0,0.94,0.21,0.75,0.8,0
0.86,0.0,0.02,0.06,1.0,0.05,0.0,0.0,0
0.24,1.0,0.67,0.11,0.0,0.14,0.33,0.15,0
0.0,0.1,0.12,0.0,0.0,0.0,0.0,1.0,0
0.55,0.7,0.65,0.28,0.0,0.17,0.25,1.0,0
0.49,0.4,0.82,0.5,0.03,0.6,0.5,1.0,0
0.59,0.6,0.14,0.06,0.64,0.33,1.0,1.0,0
0.61,0.1,0.49,0.89,1.0,0.88,1.0,1.0,0
0.39,0.2,0.51,0.56,0.72,0.21,0.5,0.95,0
0.45,0.0,0.08,0.28,0.97,0.24,0.92,1.0,0
0.0,0.0,0.22,0.0,0.03,0.55,0.33,0.75,0
0.49,0.3,0.57,0.17,0.58,0.45,0.0,0.0,0
0.96,1.0,0.65,0.94,1.0,0.21,0.67,0.6,0
0.0,0.0,0.27,0.28,0.56,0.93,1.0,1.0,0
0.33,0.2,1.0,0.0,0.61,1.0,0.83,1.0,0
0.73,1.0,0.9,0.56,0.47,0.6,0.83,0.65,0
0.0,0.0,0.0,0.0,0.42,0.0,0.83,0.95,0
0.0,0.0,0.51,0.0,0.0,0.0,0.0,0.0,0
0.65,0.5,0.8,0.33,0.0,0.0,0.0,0.0,0
0.8,1.0,0.98,0.67,0.0,0.6,0.0,0.0,0
0.59,0.0,0.49,0.83,0.39,0.6,1.0,0.9,0
1.0,1.0,0.47,0.89,0.75,0.45,0.5,0.0,0
0.57,0.0,0.0,0.0,0.33,0.0,0.0,0.0,0
0.04,1.0,0.55,0.72,0.0,0.57,0.5,0.35,0
0.0,0.0,0.59,0.0,0.0,0.52,0.0,0.0,0
0.41,1.0,0.37,0.78,0.03,0.14,0.33,0.45,0
0.45,0.2,0.73,0.11,0.03,0.64,0.0,0.3,0
0.78,0.0,0.31,0.28,1.0,1.0,0.5,0.55,0
0.67,0.4,0.57,0.39,0.67,0.88,0.08,0.2,0
0.63,0.7,0.73,1.0,0.44,0.81,0.92,0.3,0
0.59,0.9,0.57,0.61,0.75,0.95,1.0,1.0,0
0.57,0.5,0.47,0.83,1.0,0.67,0.83,0.8,0
0.76,1.0,1.0,0.56,0.0,0.24,0.0,0.8,0
1.0,1.0,1.0,0.89,1.0,1.0,0.92,0.0,0
1.0,1.0,1.0,1.0,0.94,1.0,1.0,0.0,0
0.96,0.5,0.61,0.94,0.97,0.93,1.0,0.5,0
0.39,0.0,0.0,0.61,0.72,0.88,0.92,0.9,0
0.0,0.0,0.0,0.11,0.47,0.29,1.0,1.0,0
0.57,0.0,0.0,0.0,0.67,0.0,0.0,0.0,0
0.14,1.0,0.57,1.0,0.0,0.57,1.0,0.8,0
0.0,0.0,0.61,0.0,0.0,0.71,0.0,0.0,0
0.65,0.1,0.59,0.67,0.06,0.48,0.0,0.0,0
0.31,0.0,0.67,1.0,0.5,0.83,0.58,0.3,0
0.04,0.2,0.57,0.67,0.31,0.55,0.0,0.0,0
0.41,0.2,0.61,0.94,0.86,0.6,1.0,1.0,0
0.92,0.5,0.35,0.28,0.69,0.38,0.83,0.9,0
0.39,0.4,0.0,0.06,0.86,0.26,0.83,1.0,0
0.2,0.0,0.0,0.5,0.92,0.71,1.0,1.0,0
0.65,1.0,0.61,0.28,0.0,0.0,0.0,0.0,0
0.39,0.2,0.41,0.5,1.0,0.43,1.0,1.0,0
0.47,0.0,0.33,0.44,0.33,0.33,0.5,0.6,0
0.57,0.0,0.69,0.61,0.47,0.36,0.92,0.5,0
0.59,0.0,0.53,0.89,0.78,1.0,0.83,0.3,0
0.49,0.2,0.84,1.0,1.0,0.98,0.25,0.8,0
0.39,0.0,0.39,0.67,0.92,1.0,0.83,0.8,0
0.39,0.0,0.14,0.56,1.0,1.0,1.0,1.0,0
0.78,1.0,0.57,1.0,1.0,0.86,1.0,1.0,0
0.0,0.0,0.71,0.22,0.67,0.9,1.0,1.0,0
0.92,0.9,1.0,0.94,0.89,0.62,0.83,0.0,0
0.98,1.0,0.9,0.61,0.44,0.05,0.33,0.95,0
1.0,1.0,1.0,0.67,0.17,0.26,0.0,0.1,0
1.0,1.0,0.98,0.67,0.31,0.07,0.0,0.0,0
1.0,1.0,0.78,0.56,0.11,0.0,0.0,0.0,0
0.71,1.0,0.61,0.33,0.03,0.0,0.0,0.0,0
0.65,0.2,0.84,0.94,0.64,0.79,0.58,0.45,0
0.0,0.0,0.0,0.0,0.0,0.0,0.0,0.0,0
0.02,0.1,0.02,0.11,0.0,0.02,0.0,0.65,0
0.18,0.9,0.16,0.22,0.58,0.1,0.08,0.55,0
0.12,0.2,0.45,0.28,0.72,0.64,1.0,0.85,0
0.12,0.1,0.2,0.56,0.42,0.26,0.0,0.85,0
0.24,0.0,0.27,0.22,0.5,0.45,0.08,1.0,0
0.18,0.1,0.1,0.28,0.64,0.36,1.0,1.0,0
0.14,0.0,0.08,0.0,0.72,0.6,0.17,0.85,0
0.16,0.9,0.45,0.44,0.69,0.29,0.08,0.6,0
0.51,0.6,0.63,0.5,0.44,0.29,0.42,0.3,0
0.53,1.0,0.69,0.61,0.44,0.24,0.25,0.85,0
0.61,1.0,0.94,0.56,0.22,0.19,0.0,0.65,0
0.41,0.6,0.98,0.39,0.28,0.95,0.0,0.0,0
0.8,0.0,0.35,0.89,0.97,0.76,1.0,0.05,0
0.37,0.0,0.04,0.56,1.0,0.95,1.0,1.0,0
0.0,0.0,0.0,0.06,0.75,0.19,1.0,1.0,0
0.67,0.1,0.31,0.67,0.42,0.79,0.75,0.65,0
0.9,0.4,0.63,0.67,0.53,0.81,0.67,0.35,0
0.86,0.8,0.24,0.94,0.92,0.31,0.25,0.55,0
0.67,0.9,0.43,0.33,0.56,0.29,0.33,0.4,0
0.78,0.8,0.76,0.72,0.06,0.81,0.67,0.5,0
0.0,0.0,0.0,0.0,0.31,0.0,0.17,0.7,0
0.2,0.0,0.78,0.17,0.89,0.69,0.5,0.2,0
0.59,0.7,0.78,0.0,0.83,0.57,0.0,0.4,0
0.88,0.7,1.0,0.89,0.81,0.67,0.25,0.0,0
0.57,1.0,0.39,0.94,0.69,0.67,0.75,0.7,0
0.45,0.8,0.59,0.78,0.69,0.62,0.67,1.0,0
0.53,0.2,0.67,0.67,0.92,0.6,0.25,0.6,0
0.37,0.9,0.86,0.5,0.61,0.62,0.67,0.4,0
0.69,0.1,0.45,0.56,0.33,0.67,0.42,1.0,0
0.59,0.9,0.45,0.33,0.31,0.81,0.67,0.9,0
0.35,0.8,0.71,0.61,0.89,0.74,1.0,0.85,0
0.96,1.0,0.24,0.78,0.94,0.52,1.0,1.0,0
0.98,1.0,0.98,1.0,0.61,0.9,0.58,0.55,0
1.0,1.0,0.82,1.0,0.89,0.62,0.33,0.75,0
0.9,1.0,0.86,0.94,0.47,0.95,0.5,0.55,0
0.33,0.8,1.0,0.61,0.17,0.98,0.92,0.65,0
1.0,1.0,1.0,1.0,1.0,1.0,1.0,1.0,0
0.98,1.0,1.0,1.0,1.0,0.67,0.92,0.85,0
0.94,1.0,0.98,1.0,0.67,0.71,0.42,0.8,0
0.82,1.0,0.67,1.0,0.5,0.64,0.25,1.0,0
0.65,0.9,0.43,0.83,0.39,0.43,0.67,0.95,0
0.14,0.6,0.94,0.94,0.75,1.0,1.0,1.0,0
0.45,0.8,0.96,0.78,0.67,0.88,1.0,0.6,0
0.14,0.1,0.88,0.28,0.78,0.62,0.67,0.4,0
0.29,0.7,0.86,0.61,0.17,0.88,0.25,0.3,0
0.76,0.7,0.53,0.67,0.64,0.38,0.08,0.75,0
0.67,0.5,0.35,0.61,0.78,0.88,1.0,0.6,0
0.9,0.9,0.73,1.0,0.97,1.0,0.83,0.45,0
0.88,0.5,0.57,0.78,0.61,0.43,0.58,0.35,0
0.86,0.6,0.49,0.5,0.81,0.12,0.08,1.0,0
0.37,1.0,0.9,0.28,0.25,0.14,0.33,1.0,0
0.41,0.5,0.76,0.39,0.64,0.52,0.25,0.85,0
0.69,1.0,0.98,1.0,0.22,0.64,0.92,0.85,0
0.92,0.3,0.2,0.94,0.86,0.62,1.0,0.95,0
0.88,1.0,0.8,0.22,0.67,0.36,0.58,0.75,0
0.63,0.8,0.57,0.5,0.39,0.14,0.0,0.25,0
0.53,0.7,0.43,0.44,0.25,0.48,0.0,0.75,0
0.43,0.6,0.49,0.39,0.72,0.52,0.5,0.7,0
0.33,0.8,0.57,0.83,0.36,0.71,0.25,0.75,0
0.39,1.0,1.0,0.72,0.36,0.86,0.25,0.55,0
0.43,0.5,0.94,0.67,0.36,0.74,0.42,0.75,0
0.8,1.0,0.96,0.94,0.78,0.74,0.83,0.6,0
0.37,0.0,0.33,0.17,0.42,0.81,0.33,0.4,0
1.0,1.0,0.73,0.78,0.75,0.67,0.67,0.85,0
1.0,0.6,0.86,1.0,1.0,1.0,1.0,1.0,0
1.0,1.0,1.0,1.0,1.0,1.0,1.0,1.0,0
1.0,0.8,1.0,1.0,1.0,1.0,1.0,0.5,0
0.82,0.3,0.67,1.0,1.0,1.0,1.0,1.0,0
0.45,0.0,0.33,0.83,1.0,1.0,1.0,1.0,0
0.08,0.1,0.06,0.0,1.0,0.0,0.5,0.9,0
1.0,1.0,1.0,1.0,1.0,0.0,0.83,0.7,0
1.0,1.0,0.96,0.56,0.0,0.0,0.0,0.0,0
1.0,1.0,1.0,0.56,0.0,0.0,0.0,0.0,0
0.1,0.0,0.2,0.44,0.86,0.83,1.0,0.85,0
1.0,1.0,1.0,0.56,0.0,0.6,0.0,0.0,0
0.69,1.0,0.71,0.67,0.19,0.57,0.0,0.15,0
0.49,0.3,0.9,0.39,0.47,0.74,0.5,0.2,0
1.0,1.0,1.0,1.0,1.0,1.0,1.0,1.0,0
1.0,1.0,0.98,1.0,1.0,1.0,1.0,0.95,0
0.73,0.7,0.8,0.56,0.78,0.55,0.58,0.25,0
1.0,1.0,1.0,1.0,1.0,1.0,1.0,1.0,0
1.0,1.0,0.39,1.0,1.0,0.64,1.0,1.0,0
0.37,0.1,0.18,0.56,1.0,0.76,1.0,1.0,0
0.16,0.3,1.0,0.22,0.67,1.0,1.0,1.0,0
0.02,0.0,0.31,0.61,0.75,0.86,0.42,0.45,0
1.0,1.0,1.0,1.0,1.0,0.81,1.0,1.0,0
1.0,1.0,0.67,0.94,0.53,0.83,0.17,0.65,0
1.0,1.0,0.12,0.39,0.75,0.71,0.0,0.25,0
0.35,0.0,0.0,0.06,0.36,0.19,0.0,0.25,0
0.43,0.0,0.43,0.78,1.0,1.0,1.0,0.9,0
0.35,0.0,0.27,0.78,0.94,0.48,0.92,0.0,0
0.94,0.5,0.86,0.61,0.61,1.0,0.25,0.35,0
0.0,0.0,0.33,0.0,0.0,0.52,0.0,0.0,0
0.0,0.1,0.86,0.0,0.0,0.86,0.0,0.1,0
0.18,0.3,1.0,1.0,0.67,1.0,0.83,0.55,0
0.1,0.0,0.39,0.67,0.92,0.98,1.0,0.6,0
0.63,1.0,0.71,0.22,0.0,0.0,0.0,0.0,0
0.9,0.5,0.84,0.78,0.44,0.48,0.0,0.45,0
0.0,0.8,0.94,0.78,0.0,0.95,0.5,0.35,0
1.0,1.0,1.0,0.56,0.61,0.29,0.0,0.05,0
1.0,1.0,1.0,1.0,0.61,0.98,0.67,0.65,0
0.92,1.0,0.35,1.0,1.0,0.24,1.0,0.5,0
0.14,0.0,0.0,0.0,0.64,0.0,0.0,0.0,0
0.04,0.4,0.57,0.67,0.11,0.57,1.0,0.9,0
0.0,0.0,0.0,0.0,0.0,0.36,0.0,0.0,0
0.33,0.9,0.57,1.0,0.78,0.5,1.0,0.6,0
